,Time,xPosition0,yPosition0,xVelocity0,yVelocity0,xPosition1,yPosition1,xVelocity1,yVelocity1,KineticEnergy,Potential,Energy
0,0.0,0.0,0.0,0.0,0.0,5.0,0.0,0.0,14.0,98.0,-200.0,-102.0
1,0.02002,0.0,0.0,0.0,0.0,4.99198601,0.28013024,-0.80039777,13.9775601,98.0064114,-200.0064114,-102.0
2,0.04005,0.0,0.0,0.0,0.0,4.96795219,0.55950148,-1.5987806,13.91025462,98.02564154,-200.02564154,-102.0
3,0.06008,0.0,0.0,0.0,0.0,4.92797108,0.83707664,-2.39233682,13.79826091,98.05763974,-200.05763974,-102.0
4,0.0801,0.0,0.0,0.0,0.0,4.87219523,1.11182697,-3.17827328,13.64196361,98.10229611,-200.10229611,-102.0
5,0.10013,0.0,0.0,0.0,0.0,4.80073759,1.38314206,-3.95498678,13.4416202,98.15953708,-200.15953708,-102.0
6,0.12016,0.0,0.0,0.0,0.0,4.71383851,1.65000817,-4.71971145,13.19782963,98.22919153,-200.22919153,-102.0
7,0.14018,0.0,0.0,0.0,0.0,4.61181638,1.91143224,-5.46972799,12.91139556,98.31102984,-200.31102984,-102.0
8,0.16021,0.0,0.0,0.0,0.0,4.49487963,2.16682605,-6.20346556,12.58279952,98.40491442,-200.40491442,-102.0
9,0.18024,0.0,0.0,0.0,0.0,4.36343206,2.41522446,-6.91825706,12.21305973,98.51055436,-200.51055436,-102.0
10,0.20026,0.0,0.0,0.0,0.0,4.2179519,2.65569516,-7.61151073,11.80339392,98.62760173,-200.62760173,-102.0
11,0.22029,0.0,0.0,0.0,0.0,4.05874039,2.88768573,-8.28171162,11.35451274,98.75585349,-200.75585349,-102.0
12,0.24032,0.0,0.0,0.0,0.0,3.88635723,3.11030465,-8.92634775,10.86784786,98.8949006,-200.8949006,-102.0
13,0.26034,0.0,0.0,0.0,0.0,3.7014311,3.322705,-9.5430119,10.34502212,99.04427938,-201.04427938,-102.0
14,0.28037,0.0,0.0,0.0,0.0,3.50435186,3.52438409,-10.13027411,9.78698044,99.20371986,-201.20371986,-102.0
15,0.3004,0.0,0.0,0.0,0.0,3.29582397,3.71454853,-10.68583801,9.19555666,99.37269808,-201.37269808,-102.0
16,0.32042,0.0,0.0,0.0,0.0,3.07661367,3.89246076,-11.2075422,8.5727636,99.55063896,-201.55063896,-102.0
17,0.34045,0.0,0.0,0.0,0.0,2.84719332,4.05768194,-11.69407731,7.91978317,99.73720479,-201.73720479,-102.0
18,0.36048,0.0,0.0,0.0,0.0,2.60839723,4.2095405,-12.1434276,7.23883213,99.93176223,-201.93176223,-102.0
19,0.3805,0.0,0.0,0.0,0.0,2.36111249,4.34743094,-12.55374292,6.53228918,100.13363164,-202.13363164,-102.0
20,0.40053,0.0,0.0,0.0,0.0,2.10588545,4.4709925,-12.92387699,5.8015705,100.34240841,-202.34240841,-102.0
21,0.42056,0.0,0.0,0.0,0.0,1.84366141,4.57969758,-13.25216348,5.04924549,100.55735841,-202.55735841,-102.0
22,0.44058,0.0,0.0,0.0,0.0,1.57542753,4.6730937,-13.53713183,4.27802261,100.7777078,-202.7777078,-102.0
23,0.46061,0.0,0.0,0.0,0.0,1.30179294,4.75091196,-13.77784749,3.48954081,101.00298831,-203.00298831,-102.0
24,0.48064,0.0,0.0,0.0,0.0,1.02379077,4.81278866,-13.97306405,2.68667761,101.23237779,-203.23237779,-102.0
25,0.50066,0.0,0.0,0.0,0.0,0.74248343,4.85844272,-14.1217594,1.87242011,101.46502279,-203.46502279,-102.0
26,0.52069,0.0,0.0,0.0,0.0,0.45852851,4.88770982,-14.22326338,1.04860628,101.70039817,-203.70039817,-102.0
27,0.54072,0.0,0.0,0.0,0.0,0.17301967,4.90040693,-14.27681832,0.21836027,101.93761131,-203.93761131,-102.0
28,0.56074,0.0,0.0,0.0,0.0,-0.11293438,4.89643909,-14.28191597,-0.61512089,102.17574878,-204.17574878,-102.0
29,0.58077,0.0,0.0,0.0,0.0,-0.39864509,4.8757575,-14.23820375,-1.44983904,102.41423968,-204.41423968,-102.0
30,0.6008,0.0,0.0,0.0,0.0,-0.68298952,4.83837224,-14.14547504,-2.28250385,102.65214391,-204.65214391,-102.0
31,0.62082,0.0,0.0,0.0,0.0,-0.96484534,4.78438462,-14.00379215,-3.1097961,102.88851312,-204.88851312,-102.0
32,0.64085,0.0,0.0,0.0,0.0,-1.24351357,4.71386931,-13.81316885,-3.92961313,103.12274656,-205.12274656,-102.0
33,0.66088,0.0,0.0,0.0,0.0,-1.51787672,4.62703664,-13.57399928,-4.73859829,103.35388517,-205.35388517,-102.0
34,0.6809,0.0,0.0,0.0,0.0,-1.78683441,4.52418836,-13.286958,-5.53341661,103.58097612,-205.58097612,-102.0
35,0.70093,0.0,0.0,0.0,0.0,-2.04970052,4.40552687,-12.95246358,-6.31193365,103.80340955,-205.80340955,-102.0
36,0.72096,0.0,0.0,0.0,0.0,-2.30540008,4.27146322,-12.57154117,-7.07084399,104.02024108,-206.02024108,-102.0
37,0.74098,0.0,0.0,0.0,0.0,-2.55289221,4.12249699,-12.14549735,-7.80691942,104.23054834,-206.23054834,-102.0
38,0.76101,0.0,0.0,0.0,0.0,-2.79152867,3.95895758,-11.67517728,-8.51808138,104.43373747,-206.43373747,-102.0
39,0.78104,0.0,0.0,0.0,0.0,-3.02031524,3.78144986,-11.16224122,-9.20120662,104.62891611,-206.62891611,-102.0
40,0.80106,0.0,0.0,0.0,0.0,-3.23830837,3.59066082,-10.60861922,-9.85330703,104.81523051,-206.81523051,-102.0
41,0.82109,0.0,0.0,0.0,0.0,-3.44492348,3.38704063,-10.01558225,-10.47245786,104.99213075,-206.99213075,-102.0
42,0.84112,0.0,0.0,0.0,0.0,-3.63928454,3.1713729,-9.38539791,-11.05585535,105.15881574,-207.15881574,-102.0
43,0.86114,0.0,0.0,0.0,0.0,-3.82058175,2.94451351,-8.72057801,-11.6008878,105.31453929,-207.3145393,-102.0
44,0.88117,0.0,0.0,0.0,0.0,-3.98831906,2.7070211,-8.02279165,-12.10588546,105.45882434,-207.45882434,-102.0
45,0.9012,0.0,0.0,0.0,0.0,-4.14177342,2.45983476,-7.2948508,-12.56849835,105.59099945,-207.59099945,-102.0
46,0.92122,0.0,0.0,0.0,0.0,-4.2803016,2.2039527,-6.53977193,-12.98662038,105.71046288,-207.71046289,-102.0
47,0.94125,0.0,0.0,0.0,0.0,-4.40351842,1.9400238,-5.75956587,-13.35893246,105.81683776,-207.81683777,-102.0
48,0.96128,0.0,0.0,0.0,0.0,-4.51088377,1.66911162,-4.95749082,-13.6836588,105.90961672,-207.90961672,-102.0
49,0.9813,0.0,0.0,0.0,0.0,-4.6019481,1.39232289,-4.13695677,-13.95931005,105.98837422,-207.98837422,-102.0
50,1.00133,0.0,0.0,0.0,0.0,-4.67645528,1.11037313,-3.30023288,-14.18499828,106.05285657,-208.05285657,-102.0
51,1.02136,0.0,0.0,0.0,0.0,-4.73407119,0.82441287,-2.45089406,-14.35961747,106.10274776,-208.10274776,-102.0
52,1.04138,0.0,0.0,0.0,0.0,-4.77455952,0.53561765,-1.59260416,-14.48237743,106.13782204,-208.13782204,-102.0
53,1.06141,0.0,0.0,0.0,0.0,-4.79780565,0.24474189,-0.72778535,-14.55287802,106.15796506,-208.15796506,-102.0
54,1.08144,0.0,0.0,0.0,0.0,-4.80369597,-0.04701917,0.13982364,-14.57074428,106.16306971,-208.16306971,-102.0
55,1.10146,0.0,0.0,0.0,0.0,-4.79221797,-0.33846478,1.0064643,-14.5359305,106.15312291,-208.15312291,-102.0
56,1.12149,0.0,0.0,0.0,0.0,-4.76340417,-0.62883185,1.8696802,-14.44855046,106.12815719,-208.12815719,-102.0
57,1.14152,0.0,0.0,0.0,0.0,-4.7173664,-0.91692521,2.72573414,-14.30898088,106.08828016,-208.08828017,-102.0
58,1.16154,0.0,0.0,0.0,0.0,-4.65431662,-1.20156391,3.57093967,-14.11792388,106.03369245,-208.03369245,-102.0
59,1.18157,0.0,0.0,0.0,0.0,-4.57443292,-1.48200703,4.40292796,-13.87599971,105.96457126,-207.96457126,-102.0
60,1.2016,0.0,0.0,0.0,0.0,-4.47804743,-1.75710418,5.21812831,-13.58431457,105.88123265,-207.88123265,-102.0
61,1.22162,0.0,0.0,0.0,0.0,-4.36558738,-2.02573816,6.0130877,-13.24427936,105.78407973,-207.78407974,-102.0
62,1.24165,0.0,0.0,0.0,0.0,-4.23736764,-2.28721961,6.78563894,-12.8569806,105.67342294,-207.67342295,-102.0
63,1.26168,0.0,0.0,0.0,0.0,-4.09392604,-2.54048504,7.53252975,-12.42419146,105.54976891,-207.54976891,-102.0
64,1.2817,0.0,0.0,0.0,0.0,-3.93588656,-2.78452146,8.25068431,-11.94795425,105.41370113,-207.41370113,-102.0
65,1.30173,0.0,0.0,0.0,0.0,-3.76368576,-3.01871715,8.93823361,-11.42975361,105.26564381,-207.26564381,-102.0
66,1.32176,0.0,0.0,0.0,0.0,-3.57804403,-3.24213283,9.5923718,-10.87193343,105.10626662,-207.10626662,-102.0
67,1.34178,0.0,0.0,0.0,0.0,-3.37975581,-3.45389456,10.21051672,-10.27705958,104.93630266,-206.93630266,-102.0
68,1.36181,0.0,0.0,0.0,0.0,-3.16935913,-3.6534896,10.79116946,-9.6469265,104.75626464,-206.75626464,-102.0
69,1.38184,0.0,0.0,0.0,0.0,-2.94772703,-3.84013366,11.33206715,-8.98432835,104.56695088,-206.56695089,-102.0
70,1.40186,0.0,0.0,0.0,0.0,-2.7157921,-4.01311951,11.83120419,-8.29222663,104.36920754,-206.36920754,-102.0
71,1.42189,0.0,0.0,0.0,0.0,-2.47417015,-4.17204906,12.28749548,-7.57262634,104.16360746,-206.16360746,-102.0
72,1.44192,0.0,0.0,0.0,0.0,-2.22385222,-4.31631608,12.69928261,-6.82863822,103.95103942,-205.95103943,-102.0
73,1.46194,0.0,0.0,0.0,0.0,-1.96587281,-4.44539975,13.06518376,-6.06348253,103.73242351,-205.73242352,-102.0
74,1.48197,0.0,0.0,0.0,0.0,-1.70090003,-4.5590262,13.38454308,-5.27927403,103.50836395,-205.50836395,-102.0
75,1.502,0.0,0.0,0.0,0.0,-1.43000566,-4.65678223,13.65633327,-4.47930395,103.27980107,-205.27980107,-102.0
76,1.52202,0.0,0.0,0.0,0.0,-1.15428807,-4.73834481,13.87980941,-3.66691575,103.04769016,-205.04769016,-102.0
77,1.54205,0.0,0.0,0.0,0.0,-0.87444208,-4.80356808,14.05473513,-2.84423986,102.8126399,-204.8126399,-102.0
78,1.56208,0.0,0.0,0.0,0.0,-0.59158225,-4.85223869,14.18070953,-2.01461854,102.57560524,-204.57560524,-102.0
79,1.5821,0.0,0.0,0.0,0.0,-0.30683296,-4.88423504,14.25760824,-1.18139273,102.33754073,-204.33754073,-102.0
80,1.60213,0.0,0.0,0.0,0.0,-0.02089129,-4.89953764,14.28558442,-0.34662703,102.09903625,-204.09903625,-102.0
81,1.62216,0.0,0.0,0.0,0.0,0.26512218,-4.89813253,14.26483334,0.48640116,101.86102819,-203.8610282,-102.0
82,1.64218,0.0,0.0,0.0,0.0,0.55009334,-4.88009597,14.19581148,1.31446355,101.62443894,-203.62443894,-102.0
83,1.66221,0.0,0.0,0.0,0.0,0.8333449,-4.84552883,14.07901773,2.13562672,101.3898209,-203.3898209,-102.0
84,1.68224,0.0,0.0,0.0,0.0,1.11378476,-4.79460963,13.91519442,2.9467765,101.15806382,-203.15806382,-102.0
85,1.70226,0.0,0.0,0.0,0.0,1.39034228,-4.72760284,13.70532279,3.74488863,100.93003179,-202.93003179,-102.0
86,1.72229,0.0,0.0,0.0,0.0,1.66237928,-4.64472032,13.4501961,4.528209,100.70622597,-202.70622597,-102.0
87,1.74232,0.0,0.0,0.0,0.0,1.92886316,-4.54632074,13.15104244,5.29386593,100.48746685,-202.48746685,-102.0
88,1.76234,0.0,0.0,0.0,0.0,2.18879637,-4.4328423,12.80930194,6.03911113,100.27453965,-202.27453965,-102.0
89,1.78237,0.0,0.0,0.0,0.0,2.44159589,-4.30459601,12.42600876,6.7624017,100.0678852,-202.0678852,-102.0
90,1.8024,0.0,0.0,0.0,0.0,2.68631582,-4.16210424,12.00280925,7.46116914,99.86823737,-201.86823737,-102.0
91,1.82242,0.0,0.0,0.0,0.0,2.92205717,-4.00596062,11.54153235,8.13299486,99.67628716,-201.67628716,-102.0
92,1.84245,0.0,0.0,0.0,0.0,3.14830497,-3.83656204,11.04340188,8.77656509,99.49240995,-201.49240995,-102.0
93,1.86248,0.0,0.0,0.0,0.0,3.36422309,-3.65457493,10.51041342,9.3896587,99.31724035,-201.31724035,-102.0
94,1.88251,0.0,0.0,0.0,0.0,3.56913178,-3.46062764,9.94442417,9.97050629,99.1512839,-201.1512839,-102.0
95,1.90253,0.0,0.0,0.0,0.0,3.76229581,-3.25548801,9.34767293,10.51718548,98.99508985,-200.99508985,-102.0
96,1.92256,0.0,0.0,0.0,0.0,3.94330604,-3.03964559,8.72156579,11.02869789,98.84894345,-200.84894345,-102.0
97,1.94259,0.0,0.0,0.0,0.0,4.11150146,-2.81392463,8.06845992,11.50333093,98.71333401,-200.71333401,-102.0
98,1.96261,0.0,0.0,0.0,0.0,4.26628855,-2.57919659,7.39082405,11.93956087,98.58869689,-200.58869689,-102.0
99,1.98264,0.0,0.0,0.0,0.0,4.40734562,-2.3360039,6.69015666,12.3366245,98.47525013,-200.47525013,-102.0
100,2.00267,0.0,0.0,0.0,0.0,4.5341595,-2.08526169,5.96901297,12.69321159,98.37336811,-200.37336811,-102.0
101,2.02269,0.0,0.0,0.0,0.0,4.64629037,-1.82792065,5.23003007,13.00820982,98.28336862,-200.28336862,-102.0
102,2.04272,0.0,0.0,0.0,0.0,4.74350856,-1.56456211,4.47476842,13.28108638,98.20540389,-200.20540389,-102.0
103,2.06275,0.0,0.0,0.0,0.0,4.8254589,-1.29616758,3.70592329,13.51094347,98.13973043,-200.13973043,-102.0
104,2.08277,0.0,0.0,0.0,0.0,4.89186362,-1.02374203,2.92624295,13.69708711,98.08654654,-200.08654654,-102.0
105,2.1028,0.0,0.0,0.0,0.0,4.94258803,-0.74789201,2.13732516,13.83920957,98.04594012,-200.04594012,-102.0
106,2.12283,0.0,0.0,0.0,0.0,4.97744175,-0.46964044,1.3419509,13.93683121,98.01804822,-200.01804822,-102.0
107,2.14285,0.0,0.0,0.0,0.0,4.99631411,-0.19002132,0.54292605,13.98967937,98.00294875,-200.00294875,-102.0
108,2.16288,0.0,0.0,0.0,0.0,4.99916701,0.09034696,-0.25813503,13.99766763,98.00066639,-200.00066639,-102.0
109,2.18291,0.0,0.0,0.0,0.0,4.98597842,0.37042532,-1.05841741,13.96073739,98.01121789,-200.01121789,-102.0
110,2.20293,0.0,0.0,0.0,0.0,4.95680669,0.64917603,-1.85510916,13.87903784,98.03456062,-200.03456062,-102.0
111,2.22296,0.0,0.0,0.0,0.0,4.91171074,0.92598212,-2.64659787,13.75270273,98.07065636,-200.07065636,-102.0
112,2.24299,0.0,0.0,0.0,0.0,4.8508374,1.19981368,-3.43008565,13.58209539,98.11940132,-200.11940132,-102.0
113,2.26301,0.0,0.0,0.0,0.0,4.77441288,1.46965458,-4.20280549,13.36778558,98.18063269,-200.18063269,-102.0
114,2.28304,0.0,0.0,0.0,0.0,4.68259244,1.73490255,-4.96316582,13.11012901,98.25424885,-200.25424885,-102.0
115,2.30307,0.0,0.0,0.0,0.0,4.5756892,1.99456215,-5.70843761,12.8099099,98.34002574,-200.34002574,-102.0
116,2.32309,0.0,0.0,0.0,0.0,4.45409297,2.24766404,-6.43595099,12.46811524,98.43768136,-200.43768136,-102.0
117,2.34312,0.0,0.0,0.0,0.0,4.31805347,2.49363409,-7.14415656,12.08532689,98.54704946,-200.54704946,-102.0
118,2.36315,0.0,0.0,0.0,0.0,4.16804437,2.73153653,-7.83044843,11.66274628,98.66778677,-200.66778677,-102.0
119,2.38317,0.0,0.0,0.0,0.0,4.00461159,2.96047372,-8.49230891,11.20177116,98.79949395,-200.79949395,-102.0
120,2.4032,0.0,0.0,0.0,0.0,3.82809605,3.17991339,-9.12825658,10.70321489,98.9419386,-200.9419386,-102.0
121,2.42323,0.0,0.0,0.0,0.0,3.63912285,3.38900432,-9.73586675,10.1686882,99.09466051,-201.09466051,-102.0
122,2.44325,0.0,0.0,0.0,0.0,3.43838311,3.5869449,-10.31283277,9.59998817,99.25714623,-201.25714623,-102.0
123,2.46328,0.0,0.0,0.0,0.0,3.22630394,3.77325881,-10.85777302,8.99816409,99.42909596,-201.42909596,-102.0
124,2.48331,0.0,0.0,0.0,0.0,3.00364912,3.94720356,-11.36850656,8.36522157,99.60993668,-201.60993668,-102.0
125,2.50333,0.0,0.0,0.0,0.0,2.77124046,4.10809705,-11.84300095,7.7033383,99.79904619,-201.79904619,-102.0
126,2.52336,0.0,0.0,0.0,0.0,2.52958411,4.25553313,-12.28001304,7.01380024,99.99605706,-201.99605706,-102.0
127,2.54339,0.0,0.0,0.0,0.0,2.2795659,4.38890109,-12.67767249,6.2989841,100.20029024,-202.20029024,-102.0
128,2.56341,0.0,0.0,0.0,0.0,2.02211984,4.50766042,-13.03428795,5.56141921,100.41102306,-202.41102306,-102.0
129,2.58344,0.0,0.0,0.0,0.0,1.75782149,4.61148919,-13.34880018,4.80262202,100.62782226,-202.62782226,-102.0
130,2.60347,0.0,0.0,0.0,0.0,1.48765798,4.69992978,-13.61971925,4.02530419,100.84991307,-202.84991307,-102.0
131,2.62349,0.0,0.0,0.0,0.0,1.21265296,4.77260317,-13.8457639,3.23230429,101.07648446,-203.07648446,-102.0
132,2.64352,0.0,0.0,0.0,0.0,0.93343886,4.82928509,-14.02610951,2.42535276,101.30704204,-203.30704204,-102.0
133,2.66355,0.0,0.0,0.0,0.0,0.6510791,4.86968963,-14.15971689,1.60744451,101.54073011,-203.54073011,-102.0
134,2.68357,0.0,0.0,0.0,0.0,0.3666603,4.89361619,-14.24578274,0.78166877,101.77666603,-203.77666603,-102.0
135,2.7036,0.0,0.0,0.0,0.0,0.08085604,4.90095018,-14.2837705,-0.05006015,102.01430286,-204.01430286,-102.0
136,2.72363,0.0,0.0,0.0,0.0,-0.20522302,4.89159245,-14.2731583,-0.88453374,102.25272389,-204.25272389,-102.0
137,2.74365,0.0,0.0,0.0,0.0,-0.49045798,4.86553362,-14.21368315,-1.71848916,102.49099686,-204.49099686,-102.0
138,2.76368,0.0,0.0,0.0,0.0,-0.77415296,4.82277855,-14.10514842,-2.54987432,102.72853548,-204.72853548,-102.0
139,2.78371,0.0,0.0,0.0,0.0,-1.05518299,4.76342507,-13.94760716,-3.37535621,102.96438744,-204.96438744,-102.0
140,2.80373,0.0,0.0,0.0,0.0,-1.33243087,4.68766271,-13.74138757,-4.1915945,103.19759838,-205.19759838,-102.0
141,2.82376,0.0,0.0,0.0,0.0,-1.60520031,4.5956222,-13.48667797,-4.99646263,103.4275607,-205.4275607,-102.0
142,2.84379,0.0,0.0,0.0,0.0,-1.87238787,4.4876027,-13.18414831,-5.78661111,103.65331741,-205.65331741,-102.0
143,2.86381,0.0,0.0,0.0,0.0,-2.13291474,4.36399395,-12.83475086,-6.55873612,103.87392455,-205.87392455,-102.0
144,2.88384,0.0,0.0,0.0,0.0,-2.38610832,4.22505471,-12.43909076,-7.31071631,104.08877603,-206.08877603,-102.0
145,2.90387,0.0,0.0,0.0,0.0,-2.63092452,4.07128281,-11.9984744,-8.03930988,104.29694562,-206.29694562,-102.0
146,2.92389,0.0,0.0,0.0,0.0,-2.86636075,3.9032622,-11.5144861,-8.74137761,104.4975364,-206.4975364,-102.0
147,2.94392,0.0,0.0,0.0,0.0,-3.09179367,3.72137663,-10.98816036,-9.41489631,104.68997031,-206.68997031,-102.0
148,2.96395,0.0,0.0,0.0,0.0,-3.30627665,3.52631211,-10.42143059,-10.05686657,104.87339038,-206.87339038,-102.0
149,2.98397,0.0,0.0,0.0,0.0,-3.50892078,3.31883285,-9.81649053,-10.66444957,105.04698552,-207.04698552,-102.0
150,3.004,0.0,0.0,0.0,0.0,-3.69917754,3.09943871,-9.17479175,-11.23582063,105.21023439,-207.21023439,-102.0
151,3.02403,0.0,0.0,0.0,0.0,-3.87623429,2.86898517,-8.49885169,-11.76836,105.3623885,-207.3623885,-102.0
152,3.04405,0.0,0.0,0.0,0.0,-4.03935089,2.62839459,-7.79141621,-12.25966376,105.502761,-207.502761,-102.0
153,3.06408,0.0,0.0,0.0,0.0,-4.18807763,2.37826798,-7.05431369,-12.70820562,105.63091581,-207.63091582,-102.0
154,3.08411,0.0,0.0,0.0,0.0,-4.32176878,2.11960351,-6.29056687,-13.11187509,105.74624995,-207.74624995,-102.0
155,3.10413,0.0,0.0,0.0,0.0,-4.43986353,1.85345181,-5.50338126,-13.46882572,105.84823584,-207.84823584,-102.0
156,3.12416,0.0,0.0,0.0,0.0,-4.54203166,1.58049431,-4.6948933,-13.77791979,105.93654843,-207.93654843,-102.0
157,3.14419,0.0,0.0,0.0,0.0,-4.62782151,1.30183786,-3.86851835,-14.03766681,106.01076186,-208.01076186,-102.0
158,3.16421,0.0,0.0,0.0,0.0,-4.6968756,1.01862469,-3.02779694,-14.2468775,106.07053634,-208.07053634,-102.0
159,3.18424,0.0,0.0,0.0,0.0,-4.74899904,0.73159109,-2.17507967,-14.40487364,106.1156781,-208.1156781,-102.0
160,3.20427,0.0,0.0,0.0,0.0,-4.78395367,0.44191271,-1.31403352,-14.51086625,106.1459617,-208.1459617,-102.0
161,3.22429,0.0,0.0,0.0,0.0,-4.80160111,0.15078171,-0.44838443,-14.56439013,106.16125424,-208.16125424,-102.0
162,3.24432,0.0,0.0,0.0,0.0,-4.80189133,-0.14103985,0.41941524,-14.56527042,106.16150575,-208.16150575,-102.0
163,3.26435,0.0,0.0,0.0,0.0,-4.78481007,-0.4323512,1.2856068,-14.5134635,106.14670377,-208.14670377,-102.0
164,3.28437,0.0,0.0,0.0,0.0,-4.75044429,-0.72195475,2.14644296,-14.40925545,106.11693004,-208.11693004,-102.0
165,3.3044,0.0,0.0,0.0,0.0,-4.69889131,-1.00909345,2.9994911,-14.25298623,106.07228169,-208.07228169,-102.0
166,3.32443,0.0,0.0,0.0,0.0,-4.63036128,-1.29258644,3.84106758,-14.04535935,106.01295973,-208.01295973,-102.0
167,3.34445,0.0,0.0,0.0,0.0,-4.54516276,-1.57127561,4.66756973,-13.7873966,105.93925608,-207.93925609,-102.0
168,3.36448,0.0,0.0,0.0,0.0,-4.44353561,-1.8444393,5.47670439,-13.4799305,105.85140863,-207.85140863,-102.0
169,3.38451,0.0,0.0,0.0,0.0,-4.32590498,-2.11096048,6.26502371,-13.12437116,105.74982025,-207.74982025,-102.0
170,3.40453,0.0,0.0,0.0,0.0,-4.1927876,-2.36976319,7.02922463,-12.72241938,105.63497688,-207.63497688,-102.0
171,3.42456,0.0,0.0,0.0,0.0,-4.0445542,-2.62018932,7.76726085,-12.27534695,105.5072419,-207.5072419,-102.0
172,3.44459,0.0,0.0,0.0,0.0,-3.88182635,-2.8612259,8.47606281,-11.78519217,105.36719768,-207.36719768,-102.0
173,3.46461,0.0,0.0,0.0,0.0,-3.70530684,-3.09191734,9.15275986,-11.25424287,105.21549788,-207.21549788,-102.0
174,3.48464,0.0,0.0,0.0,0.0,-3.51547969,-3.31169322,9.79563888,-10.68413202,105.05260907,-207.05260907,-102.0
175,3.50467,0.0,0.0,0.0,0.0,-3.31313658,-3.51967925,10.40212352,-10.07741786,104.87926217,-206.87926217,-102.0
176,3.52469,0.0,0.0,0.0,0.0,-3.09913712,-3.71507202,10.96987764,-9.43685722,104.69624484,-206.69624484,-102.0
177,3.54472,0.0,0.0,0.0,0.0,-2.8740567,-3.89740774,11.49758109,-8.76434988,104.50409989,-206.50409989,-102.0
178,3.56475,0.0,0.0,0.0,0.0,-2.63882484,-4.06597826,11.98323197,-8.06284641,104.30367033,-206.30367033,-102.0
179,3.58477,0.0,0.0,0.0,0.0,-2.39442367,-4.22015658,12.42509591,-7.33543939,104.09583975,-206.09583975,-102.0
180,3.6048,0.0,0.0,0.0,0.0,-2.14149525,-4.35959854,12.82227674,-6.58419439,103.88119833,-205.88119833,-102.0
181,3.62483,0.0,0.0,0.0,0.0,-1.88107087,-4.48378165,13.17339291,-5.81231829,103.6606623,-205.6606623,-102.0
182,3.64485,0.0,0.0,0.0,0.0,-1.61421792,-4.59227134,13.47734361,-5.02310193,103.43517191,-205.43517192,-102.0
183,3.66488,0.0,0.0,0.0,0.0,-1.34161938,-4.68485005,13.73366045,-4.21867796,103.2053365,-205.2053365,-102.0
184,3.68491,0.0,0.0,0.0,0.0,-1.06437056,-4.76119227,13.94159446,-3.40237537,102.97210719,-204.97210719,-102.0
185,3.70493,0.0,0.0,0.0,0.0,-0.78358587,-4.82106378,14.10067786,-2.57755119,102.73644314,-204.73644314,-102.0
186,3.72496,0.0,0.0,0.0,0.0,-0.49996403,-4.86437488,14.21085062,-1.74631596,102.49894736,-204.49894736,-102.0
187,3.74499,0.0,0.0,0.0,0.0,-0.21462668,-4.89100061,14.27197964,-0.91199668,102.26057043,-204.26057043,-102.0
188,3.76502,0.0,0.0,0.0,0.0,0.07144487,-4.90090817,14.28419656,-0.07748093,102.02213736,-204.02213736,-102.0
189,3.78504,0.0,0.0,0.0,0.0,0.35713115,-4.89412976,14.24783111,0.75396888,101.78458027,-203.78458027,-102.0
190,3.80507,0.0,0.0,0.0,0.0,0.64174862,-4.8707398,14.16330845,1.58038491,101.54846141,-203.54846141,-102.0
191,3.8251,0.0,0.0,0.0,0.0,0.92419589,-4.83087425,14.0312524,2.39860849,101.31468324,-203.31468324,-102.0
192,3.84512,0.0,0.0,0.0,0.0,1.20338979,-4.77475619,13.85253118,3.20556232,101.08412501,-203.08412501,-102.0
193,3.86515,0.0,0.0,0.0,0.0,1.47868178,-4.70257338,13.6278763,3.99944849,100.85730039,-202.85730039,-102.0
194,3.88518,0.0,0.0,0.0,0.0,1.74902331,-4.61464513,13.35841191,4.77733458,100.63504723,-202.63504723,-102.0
195,3.9052,0.0,0.0,0.0,0.0,2.01339795,-4.51137188,13.04548056,5.5364047,100.41817005,-202.41817005,-102.0
196,3.92523,0.0,0.0,0.0,0.0,2.27120898,-4.39304338,12.69006666,6.27506622,100.2071239,-202.2071239,-102.0
197,3.94526,0.0,0.0,0.0,0.0,2.52148876,-4.26014664,12.29372812,6.99067778,100.00266346,-202.00266346,-102.0
198,3.96528,0.0,0.0,0.0,0.0,2.76331403,-4.11324197,11.85821229,7.68074252,99.80550211,-201.80550211,-102.0
199,3.98531,0.0,0.0,0.0,0.0,2.99615351,-3.95270806,11.3847044,8.34389395,99.61603027,-201.61603027,-102.0
200,4.00534,0.0,0.0,0.0,0.0,3.21914445,-3.77918066,10.87512716,8.97782942,99.43490586,-201.43490586,-102.0
201,4.02536,0.0,0.0,0.0,0.0,3.43147898,-3.59335942,10.33156229,9.58041228,99.26273933,-201.26273933,-102.0
202,4.04539,0.0,0.0,0.0,0.0,3.63270184,-3.39569809,9.75534843,10.15051155,99.09985383,-201.09985383,-102.0
203,4.06542,0.0,0.0,0.0,0.0,3.82207505,-3.18695973,9.14870516,10.68619651,98.94680098,-200.94680098,-102.0
204,4.08544,0.0,0.0,0.0,0.0,3.99892416,-2.96796079,8.51398053,11.18571841,98.80408044,-200.80408044,-102.0
205,4.10547,0.0,0.0,0.0,0.0,4.16287788,-2.73921588,7.8526255,11.64818304,98.67194769,-200.67194769,-102.0
206,4.1255,0.0,0.0,0.0,0.0,4.3133389,-2.50159228,7.16709197,12.07205353,98.55084184,-200.55084184,-102.0
207,4.14552,0.0,0.0,0.0,0.0,4.44978018,-2.25599944,6.4599302,12.45598632,98.44114676,-200.44114676,-102.0
208,4.16555,0.0,0.0,0.0,0.0,4.57192015,-2.00299863,5.73266938,12.79932046,98.34305129,-200.34305129,-102.0
209,4.18558,0.0,0.0,0.0,0.0,4.67931423,-1.74353729,4.98793335,13.10092657,98.25687812,-200.25687812,-102.0
210,4.2056,0.0,0.0,0.0,0.0,4.77159322,-1.47859315,4.22841504,13.35987617,98.18289252,-200.18289252,-102.0
211,4.22563,0.0,0.0,0.0,0.0,4.84856901,-1.20876032,3.4556941,13.57573625,98.12121821,-200.12121821,-102.0
212,4.24566,0.0,0.0,0.0,0.0,4.90995846,-0.93504164,2.67251009,13.74779285,98.07205918,-200.07205918,-102.0
213,4.26568,0.0,0.0,0.0,0.0,4.955557,-0.65845802,1.88164313,13.87553749,98.03556072,-200.03556072,-102.0
214,4.28571,0.0,0.0,0.0,0.0,4.98527241,-0.37962287,1.08470067,13.95876033,98.01178276,-200.01178276,-102.0
215,4.30574,0.0,0.0,0.0,0.0,4.99898826,-0.09956933,0.28448495,13.99716711,98.0008094,-200.0008094,-102.0
216,4.32576,0.0,0.0,0.0,0.0,4.99666832,0.18066382,-0.51618921,13.99067116,98.00266538,-200.00266538,-102.0
217,4.34579,0.0,0.0,0.0,0.0,4.97831727,0.46045718,-1.31570605,13.93928309,98.01734769,-200.01734769,-102.0
218,4.36582,0.0,0.0,0.0,0.0,4.94398765,0.73877259,-2.11125186,13.84313026,98.04481993,-200.04481993,-102.0
219,4.38584,0.0,0.0,0.0,0.0,4.8938121,1.01457874,-2.90002818,13.70254755,98.08498642,-200.08498642,-102.0
220,4.40587,0.0,0.0,0.0,0.0,4.82789219,1.28726348,-3.68042939,13.51776615,98.1377811,-200.1377811,-102.0
221,4.4259,0.0,0.0,0.0,0.0,4.74644855,1.55580899,-4.44968143,13.28933517,98.20304709,-200.20304709,-102.0
222,4.44592,0.0,0.0,0.0,0.0,4.64978019,1.81921667,-5.20505357,13.01800888,98.28056889,-200.28056889,-102.0
223,4.46595,0.0,0.0,0.0,0.0,4.53808434,2.07689498,-5.94496995,12.70424203,98.37021656,-200.37021656,-102.0
224,4.48598,0.0,0.0,0.0,0.0,4.4117458,2.32787169,-6.66674893,12.34900341,98.47171331,-200.47171331,-102.0
225,4.506,0.0,0.0,0.0,0.0,4.27122429,2.57120602,-7.36778076,11.95346213,98.5847251,-200.5847251,-102.0
226,4.52603,0.0,0.0,0.0,0.0,4.11681024,2.80634059,-8.04654246,11.51830143,98.70905673,-200.70905673,-102.0
227,4.54606,0.0,0.0,0.0,0.0,3.94904541,3.03237386,-8.70050064,11.04490447,98.84431301,-200.84431301,-102.0
228,4.56608,0.0,0.0,0.0,0.0,3.76854127,3.24844756,-9.32722309,10.53484679,98.99004377,-200.99004377,-102.0
229,4.58611,0.0,0.0,0.0,0.0,3.57567748,3.45405234,-9.9252681,9.98904537,99.14598703,-201.14598703,-102.0
230,4.60614,0.0,0.0,0.0,0.0,3.37114204,3.64838197,-10.49231042,9.40928724,99.31163221,-201.31163221,-102.0
231,4.62616,0.0,0.0,0.0,0.0,3.15568572,3.83068471,-11.02615626,8.79754013,99.4864171,-201.4864171,-102.0
232,4.64619,0.0,0.0,0.0,0.0,2.92977149,4.00051342,-11.52547986,8.15495789,99.67001202,-201.67001202,-102.0
233,4.66622,0.0,0.0,0.0,0.0,2.69421921,4.15718093,-11.98822872,7.48371329,99.86179619,-201.86179619,-102.0
234,4.68624,0.0,0.0,0.0,0.0,2.44990267,4.30006496,-12.41251234,6.78614332,100.0611019,-202.0611019,-102.0
235,4.70627,0.0,0.0,0.0,0.0,2.19735997,4.42879476,-12.79716269,6.06363685,100.26753232,-202.26753232,-102.0
236,4.7263,0.0,0.0,0.0,0.0,1.9375244,4.54282463,-13.14046839,5.31872353,100.48036469,-202.48036469,-102.0
237,4.74632,0.0,0.0,0.0,0.0,1.6713725,4.64168292,-13.44091034,4.55407514,100.69883566,-202.69883566,-102.0
238,4.76635,0.0,0.0,0.0,0.0,1.39950665,4.72508919,-13.69752625,3.77130523,100.9224842,-202.9224842,-102.0
239,4.78638,0.0,0.0,0.0,0.0,1.12295092,4.79265939,-13.90901629,2.97325769,101.15049778,-203.15049778,-102.0
240,4.8064,0.0,0.0,0.0,0.0,0.84276025,4.84409127,-14.07430177,2.16288988,101.38203144,-203.38203144,-102.0
241,4.82643,0.0,0.0,0.0,0.0,0.55958734,4.87920756,-14.19267841,1.34201789,101.61656629,-203.61656629,-102.0
242,4.84646,0.0,0.0,0.0,0.0,0.27452025,4.89780305,-14.26332726,0.51374051,101.85321697,-203.85321697,-102.0
243,4.86648,0.0,0.0,0.0,0.0,-0.01133617,4.89976016,-14.28567605,-0.31876588,102.09107593,-204.09107593,-102.0
244,4.88651,0.0,0.0,0.0,0.0,-0.297296,4.88501591,-14.25933191,-1.15351952,102.32957697,-204.32957697,-102.0
245,4.90654,0.0,0.0,0.0,0.0,-0.58223803,4.85355703,-14.1840201,-1.98724491,102.56778422,-204.56778422,-102.0
246,4.92656,0.0,0.0,0.0,0.0,-0.86503972,4.80546125,-14.05973284,-2.81663209,102.80475199,-204.80475199,-102.0
247,4.94659,0.0,0.0,0.0,0.0,-1.14500218,4.74078833,-13.88643829,-3.6395873,103.03988204,-205.03988204,-102.0
248,4.96662,0.0,0.0,0.0,0.0,-1.42100534,4.65972472,-13.66445742,-4.45275592,103.27221593,-205.27221594,-102.0
249,4.98664,0.0,0.0,0.0,0.0,-1.69194432,4.56254845,-13.39439079,-5.25279873,103.50079959,-205.50079959,-102.0
250,5.00667,0.0,0.0,0.0,0.0,-1.95713018,4.44944672,-13.07660755,-6.03758073,103.72502302,-205.72502302,-102.0
251,5.0267,0.0,0.0,0.0,0.0,-2.21548093,4.32080702,-12.71205735,-6.80378382,103.94393818,-205.94393818,-102.0
252,5.04672,0.0,0.0,0.0,0.0,-2.46594667,4.17710592,-12.30197179,-7.54816033,104.15661718,-206.15661719,-102.0
253,5.06675,0.0,0.0,0.0,0.0,-2.70787333,4.01865797,-11.84714509,-8.26862013,104.36246284,-206.36246284,-102.0
254,5.08678,0.0,0.0,0.0,0.0,-2.94025513,3.84604574,-11.34916311,-8.96201126,104.56057459,-206.56057459,-102.0
255,5.1068,0.0,0.0,0.0,0.0,-3.16213507,3.65993483,-10.80988358,-9.62531007,104.75008853,-206.75008853,-102.0
256,5.12683,0.0,0.0,0.0,0.0,-3.37291969,3.46076165,-10.23052797,-10.25656831,104.93044802,-206.93044803,-102.0
257,5.14686,0.0,0.0,0.0,0.0,-3.57171708,3.24928968,-9.61329455,-10.85293721,105.10083914,-207.10083914,-102.0
258,5.16688,0.0,0.0,0.0,0.0,-3.75769983,3.02635606,-8.9606296,-11.41175355,105.26050094,-207.26050095,-102.0
259,5.18691,0.0,0.0,0.0,0.0,-3.93036013,2.79250743,-8.27415747,-11.9313122,105.40894627,-207.40894627,-102.0
260,5.20694,0.0,0.0,0.0,0.0,-4.0889552,2.54866593,-7.55663014,-12.40920279,105.54548644,-207.54548644,-102.0
261,5.22696,0.0,0.0,0.0,0.0,-4.2328205,2.29581457,-6.81100951,-12.84325314,105.66950082,-207.66950082,-102.0
262,5.24699,0.0,0.0,0.0,0.0,-4.36155669,2.03459268,-6.03926981,-13.23209805,105.78059937,-207.78059937,-102.0
263,5.26702,0.0,0.0,0.0,0.0,-4.47460068,1.76605093,-5.24462262,-13.5738882,105.87825369,-207.87825369,-102.0
264,5.28704,0.0,0.0,0.0,0.0,-4.57147876,1.49128517,-4.43043816,-13.86705628,105.962016,-207.962016,-102.0
265,5.30707,0.0,0.0,0.0,0.0,-4.65191878,1.21100443,-3.59896013,-14.1106598,106.031617,-208.03161701,-102.0
266,5.3271,0.0,0.0,0.0,0.0,-4.7155613,0.92635105,-2.75373357,-14.30350955,106.08671693,-208.08671693,-102.0
267,5.34712,0.0,0.0,0.0,0.0,-4.76214401,0.63849466,-1.89840029,-14.44472939,106.12706546,-208.12706546,-102.0
268,5.36715,0.0,0.0,0.0,0.0,-4.79153511,0.34818662,-1.03537038,-14.53385945,106.15253119,-208.15253119,-102.0
269,5.38718,0.0,0.0,0.0,0.0,-4.80359444,0.05661918,-0.16837168,-14.57043632,106.16298172,-208.16298172,-102.0
270,5.4072,0.0,0.0,0.0,0.0,-4.79828276,-0.23500754,0.69883984,-14.55432513,106.15837852,-208.15837852,-102.0
271,5.42723,0.0,0.0,0.0,0.0,-4.77561513,-0.52592987,1.5638054,-14.48557855,106.13873664,-208.13873664,-102.0
272,5.44726,0.0,0.0,0.0,0.0,-4.73567673,-0.81495026,2.42277889,-14.36448465,106.10413838,-208.10413838,-102.0
273,5.46728,0.0,0.0,0.0,0.0,-4.67865326,-1.10088309,3.27205667,-14.19165825,106.05475941,-208.05475941,-102.0
274,5.48731,0.0,0.0,0.0,0.0,-4.60470589,-1.38298324,4.10925336,-13.96766112,105.99076023,-207.99076023,-102.0
275,5.50734,0.0,0.0,0.0,0.0,-4.51414128,-1.66009273,4.93077026,-13.69351564,105.91243295,-207.91243295,-102.0
276,5.52736,0.0,0.0,0.0,0.0,-4.40736193,-1.93108463,5.73311874,-13.37055215,105.82015767,-207.82015767,-102.0
277,5.54739,0.0,0.0,0.0,0.0,-4.28466722,-2.19526203,6.51410231,-12.99980503,105.71422992,-207.71422992,-102.0
278,5.56742,0.0,0.0,0.0,0.0,-4.14657168,-2.45154908,7.27042376,-12.58297296,105.59513504,-207.59513504,-102.0
279,5.58744,0.0,0.0,0.0,0.0,-3.99367723,-2.69891854,7.99895593,-12.1220286,105.46343666,-207.46343666,-102.0
280,5.60747,0.0,0.0,0.0,0.0,-3.826407,-2.93674825,8.69779023,-11.61841377,105.31954671,-207.31954671,-102.0
281,5.6275,0.0,0.0,0.0,0.0,-3.64546119,-3.1640825,9.36406226,-11.07441071,105.16411726,-207.16411726,-102.0
282,5.64753,0.0,0.0,0.0,0.0,-3.45151573,-3.38013421,9.99543254,-10.49222989,104.99777988,-206.99777989,-102.0
283,5.66755,0.0,0.0,0.0,0.0,-3.24539766,-3.58406322,10.58943709,-9.87453353,104.82129521,-206.82129521,-102.0
284,5.68758,0.0,0.0,0.0,0.0,-3.02766382,-3.7753803,11.14466328,-9.2231699,104.63519132,-206.63519132,-102.0
285,5.70761,0.0,0.0,0.0,0.0,-2.79921567,-3.95333778,11.65897422,-8.54101274,104.44028927,-206.44028927,-102.0
286,5.72763,0.0,0.0,0.0,0.0,-2.56101085,-4.11726715,12.13049566,-7.83109085,104.23745445,-206.23745445,-102.0
287,5.74766,0.0,0.0,0.0,0.0,-2.31367861,-4.2667964,12.55823442,-7.0954412,104.02726884,-206.02726884,-102.0
288,5.76769,0.0,0.0,0.0,0.0,-2.05823052,-4.40135984,12.94066667,-6.33722474,103.81063556,-205.81063557,-102.0
289,5.78771,0.0,0.0,0.0,0.0,-1.79571808,-4.52047848,13.27654749,-5.55969942,103.58848547,-205.58848548,-102.0
290,5.80774,0.0,0.0,0.0,0.0,-1.52681725,-4.62390586,13.56531286,-4.76499096,103.36142592,-205.36142592,-102.0
291,5.82777,0.0,0.0,0.0,0.0,-1.25261221,-4.71127141,13.80607149,-3.95641211,103.13040339,-205.13040339,-102.0
292,5.84779,0.0,0.0,0.0,0.0,-0.97421008,-4.78229539,13.99821419,-3.13731593,102.89637591,-204.89637591,-102.0
293,5.86782,0.0,0.0,0.0,0.0,-0.69230816,-4.83685939,14.14159143,-2.30982505,102.65994995,-204.65994995,-102.0
294,5.88785,0.0,0.0,0.0,0.0,-0.40802536,-4.87479322,14.23593379,-1.47727703,102.42207909,-204.42207909,-102.0
295,5.90787,0.0,0.0,0.0,0.0,-0.12248679,-4.89601834,14.28124579,-0.64299726,102.18371344,-204.18371344,-102.0
296,5.9279,0.0,0.0,0.0,0.0,0.16361291,-4.90054177,14.27775899,0.19097294,101.94543625,-203.94543625,-102.0
297,5.94793,0.0,0.0,0.0,0.0,0.4491565,-4.88839174,14.22579093,1.0213836,101.70817606,-203.70817606,-102.0
298,5.96795,0.0,0.0,0.0,0.0,0.73303653,-4.85968595,14.12591607,1.84504325,101.47284473,-203.47284473,-102.0
299,5.98798,0.0,0.0,0.0,0.0,1.01458259,-4.81455004,13.97870109,2.66005357,101.23998464,-203.23998465,-102.0
300,6.00801,0.0,0.0,0.0,0.0,1.29271288,-4.75320246,13.78499823,3.46334646,101.01047239,-203.01047239,-102.0
301,6.02803,0.0,0.0,0.0,0.0,1.56637012,-4.67594639,13.54589314,4.25195158,100.78515665,-202.78515665,-102.0
302,6.04806,0.0,0.0,0.0,0.0,1.83492674,-4.58301607,13.26223541,5.02415808,100.56452622,-202.56452622,-102.0
303,6.06809,0.0,0.0,0.0,0.0,2.09736662,-4.47480689,12.93534884,5.77715492,100.34938427,-202.34938427,-102.0
304,6.08811,0.0,0.0,0.0,0.0,2.35271141,-4.35179211,12.56676313,6.50826077,100.14049689,-202.14049689,-102.0
305,6.10814,0.0,0.0,0.0,0.0,2.60039173,-4.21430237,12.15755741,7.21598089,99.93829114,-201.93829114,-102.0
306,6.12817,0.0,0.0,0.0,0.0,2.83948347,-4.06289275,11.70945891,7.89781825,99.74348047,-201.74348047,-102.0
307,6.14819,0.0,0.0,0.0,0.0,3.06911175,-3.89818763,11.22437096,8.55143057,99.55673409,-201.55673409,-102.0
308,6.16822,0.0,0.0,0.0,0.0,3.28877764,-3.72060055,10.70355191,9.17555461,99.37841294,-201.37841294,-102.0
309,6.18825,0.0,0.0,0.0,0.0,3.49767122,-3.53082612,10.14906355,9.76804828,99.20912904,-201.20912904,-102.0
310,6.20827,0.0,0.0,0.0,0.0,3.69504142,-3.32961835,9.56311316,10.32694322,99.04944477,-201.04944477,-102.0
311,6.2283,0.0,0.0,0.0,0.0,3.88046917,-3.11745958,8.94709356,10.85121301,98.89965341,-200.89965341,-102.0
312,6.24833,0.0,0.0,0.0,0.0,4.05327676,-2.89516171,8.30333444,11.33909839,98.76025759,-200.76025759,-102.0
313,6.26835,0.0,0.0,0.0,0.0,4.21285323,-2.6635852,7.63428062,11.78902762,98.63170638,-200.63170638,-102.0
314,6.28838,0.0,0.0,0.0,0.0,4.35886625,-2.42326695,6.94142136,12.20020987,98.51422574,-200.51422574,-102.0
315,6.30841,0.0,0.0,0.0,0.0,4.49078455,-2.17511259,6.22729153,12.57128664,98.40820381,-200.40820381,-102.0
316,6.32843,0.0,0.0,0.0,0.0,4.6081496,-1.92006474,5.49451135,12.90109646,98.31397243,-200.31397243,-102.0
317,6.34846,0.0,0.0,0.0,0.0,4.71072066,-1.65870084,4.74463534,13.18907952,98.23169156,-200.23169156,-102.0
318,6.36849,0.0,0.0,0.0,0.0,4.79812345,-1.39199582,3.98034508,13.43428884,98.16163175,-200.16163175,-102.0
319,6.38851,0.0,0.0,0.0,0.0,4.87006067,-1.12094956,3.20437854,13.63598068,98.10400551,-200.10400551,-102.0
320,6.40854,0.0,0.0,0.0,0.0,4.9263863,-0.84616633,2.41833018,13.79382093,98.0589083,-200.0589083,-102.0
321,6.42857,0.0,0.0,0.0,0.0,4.96689018,-0.56866544,1.62497361,13.90728023,98.02649136,-200.02649136,-102.0
322,6.44859,0.0,0.0,0.0,0.0,4.99144172,-0.28947879,0.82711057,13.97603598,98.00684686,-200.00684686,-102.0
323,6.46862,0.0,0.0,0.0,0.0,4.99999132,-0.00922406,0.02635447,13.99997569,98.00000695,-200.00000695,-102.0
324,6.48865,0.0,0.0,0.0,0.0,4.99249694,0.27106026,-0.77448114,13.97899082,98.00600263,-200.00600262,-102.0
325,6.50867,0.0,0.0,0.0,0.0,4.96899693,0.55033557,-1.57258237,13.91318065,98.02480553,-200.02480553,-102.0
326,6.5287,0.0,0.0,0.0,0.0,4.92953874,0.82798404,-2.36633564,13.80265284,98.0563849,-200.0563849,-102.0
327,6.54873,0.0,0.0,0.0,0.0,4.87424927,1.10297335,-3.15293836,13.64772077,98.10065121,-200.10065121,-102.0
328,6.56875,0.0,0.0,0.0,0.0,4.80333503,1.37428349,-3.92961552,13.44890455,98.15745585,-200.15745585,-102.0
329,6.58878,0.0,0.0,0.0,0.0,4.71693993,1.64130975,-4.69477203,13.20653342,98.22670474,-200.22670474,-102.0
330,6.60881,0.0,0.0,0.0,0.0,4.61535768,1.90305129,-5.44566794,12.92134191,98.30818803,-200.30818803,-102.0
331,6.62883,0.0,0.0,0.0,0.0,4.498959,2.15853194,-6.17961909,12.59426788,98.40163775,-200.40163775,-102.0
332,6.64886,0.0,0.0,0.0,0.0,4.3679826,2.40717351,-6.89506983,12.22586614,98.50689539,-200.50689539,-102.0
333,6.66889,0.0,0.0,0.0,0.0,4.22288355,2.64803188,-7.58939674,11.81728905,98.6236317,-200.6236317,-102.0
334,6.68891,0.0,0.0,0.0,0.0,4.06418977,2.88019961,-8.26006113,11.3698862,98.75146109,-200.75146109,-102.0
335,6.70894,0.0,0.0,0.0,0.0,3.89223162,3.10313876,-8.905572,10.88444328,98.89015906,-200.89015906,-102.0
336,6.72897,0.0,0.0,0.0,0.0,3.70761686,3.31598683,-9.52348003,10.36252316,99.0392791,-201.0392791,-102.0
337,6.74899,0.0,0.0,0.0,0.0,3.51102012,3.51792959,-10.11145038,9.80587646,99.19832101,-201.19832101,-102.0
338,6.76902,0.0,0.0,0.0,0.0,3.30285862,3.70848335,-10.66808773,9.21552441,99.36699302,-201.36699302,-102.0
339,6.78905,0.0,0.0,0.0,0.0,3.08388052,3.88689152,-11.19117888,8.59342689,99.54473517,-201.54473517,-102.0
340,6.80907,0.0,0.0,0.0,0.0,2.85489302,4.05245667,-11.67865548,7.94171781,99.73093776,-201.73093776,-102.0
341,6.8291,0.0,0.0,0.0,0.0,2.61639341,4.20476359,-12.12925576,7.26165528,99.92524134,-201.92524134,-102.0
342,6.84913,0.0,0.0,0.0,0.0,2.36925403,4.34318483,-12.54106899,6.5555737,100.12697894,-202.12697894,-102.0
343,6.86915,0.0,0.0,0.0,0.0,2.11439671,4.46716203,-12.91235986,5.82596269,100.33543922,-202.33543922,-102.0
344,6.88918,0.0,0.0,0.0,0.0,1.85238942,4.57636256,-13.24204481,5.07431202,100.55019655,-202.55019655,-102.0
345,6.90921,0.0,0.0,0.0,0.0,1.58420849,4.67030965,-13.52858516,4.30329609,100.77048682,-202.77048682,-102.0
346,6.92923,0.0,0.0,0.0,0.0,1.31086827,4.74860421,-13.77064752,3.51571958,100.99550868,-202.99550868,-102.0
347,6.94926,0.0,0.0,0.0,0.0,1.03299522,4.81100975,-13.96737673,2.71328887,101.22477459,-203.22477459,-102.0
348,6.96929,0.0,0.0,0.0,0.0,0.75164518,4.85721916,-14.11767662,1.89896861,101.45743752,-203.45743752,-102.0
349,6.98931,0.0,0.0,0.0,0.0,0.46789883,4.88700997,-14.22068394,1.07582199,101.69262227,-203.69262227,-102.0
350,7.00934,0.0,0.0,0.0,0.0,0.1824258,4.90025403,-14.2758252,0.24574364,101.92978751,-203.92978751,-102.0
351,7.02937,0.0,0.0,0.0,0.0,-0.1036672,4.89682945,-14.28251407,-0.58807894,102.16802253,-204.16802253,-102.0
352,7.04939,0.0,0.0,0.0,0.0,-0.38926335,4.87670371,-14.24042067,-1.42239884,102.40639964,-204.40639964,-102.0
353,7.06942,0.0,0.0,0.0,0.0,-0.67366834,4.8398671,-14.14930557,-2.25517729,102.64433634,-204.64433634,-102.0
354,7.08945,0.0,0.0,0.0,0.0,-0.95575707,4.78639378,-14.00915121,-3.08309075,102.88088304,-204.88088304,-102.0
355,7.10947,0.0,0.0,0.0,0.0,-1.23441028,4.71644955,-13.82021367,-3.90280243,103.11508637,-205.11508637,-102.0
356,7.1295,0.0,0.0,0.0,0.0,-1.50893048,4.63015002,-13.58263372,-4.71219073,103.34634017,-205.34634017,-102.0
357,7.14953,0.0,0.0,0.0,0.0,-1.77820975,4.52777051,-13.29700677,-5.50790189,103.57368621,-205.57368621,-102.0
358,7.16955,0.0,0.0,0.0,0.0,-2.04116276,4.40967722,-12.96421024,-6.28662134,103.79617748,-205.79617748,-102.0
359,7.18958,0.0,0.0,0.0,0.0,-2.2971128,4.27611382,-12.58479884,-7.04622246,104.01320637,-206.01320637,-102.0
360,7.20961,0.0,0.0,0.0,0.0,-2.54500675,4.12755499,-12.16000348,-7.78344381,104.22384104,-206.22384104,-102.0
361,7.22963,0.0,0.0,0.0,0.0,-2.78383102,3.96456226,-11.69133421,-8.49511968,104.427177,-206.427177,-102.0
362,7.24966,0.0,0.0,0.0,0.0,-3.01295508,3.78750494,-11.17977481,-9.1792101,104.6226314,-206.6226314,-102.0
363,7.26969,0.0,0.0,0.0,0.0,-3.23141882,3.59704757,-10.62718603,-9.83267975,104.80933701,-206.80933701,-102.0
364,7.28971,0.0,0.0,0.0,0.0,-3.43831796,3.39393401,-10.03569175,-10.45264714,104.98647055,-206.98647055,-102.0
365,7.30974,0.0,0.0,0.0,0.0,-3.63309384,3.17865106,-9.4066957,-11.03725875,105.15350244,-207.15350244,-102.0
366,7.32977,0.0,0.0,0.0,0.0,-3.81491614,2.95203535,-8.74264961,-11.5838429,105.30966933,-207.30966934,-102.0
367,7.34979,0.0,0.0,0.0,0.0,-3.98302542,2.71499196,-8.04623813,-12.08993745,105.45426777,-207.45426778,-102.0
368,7.36982,0.0,0.0,0.0,0.0,-4.13695909,2.46811088,-7.31924806,-12.55397579,105.58685015,-207.58685016,-102.0
369,7.38985,0.0,0.0,0.0,0.0,-4.27605012,2.21237506,-6.56464759,-12.9737809,105.70679447,-207.70679447,-102.0
370,7.40987,0.0,0.0,0.0,0.0,-4.39971508,1.94882171,-5.78559375,-13.3474346,105.81355267,-207.81355267,-102.0
371,7.4299,0.0,0.0,0.0,0.0,-4.50760868,1.678124,-4.98419095,-13.67374898,105.90678535,-207.90678535,-102.0
372,7.44993,0.0,0.0,0.0,0.0,-4.59925507,1.40137791,-4.16381497,-13.95115527,105.98604428,-207.98604429,-102.0
373,7.46995,0.0,0.0,0.0,0.0,-4.67427174,1.11971691,-3.32797407,-14.17838218,106.05096625,-208.05096626,-102.0
374,7.48998,0.0,0.0,0.0,0.0,-4.73244713,0.83387226,-2.47899908,-14.35469421,106.10134112,-208.10134112,-102.0
375,7.51001,0.0,0.0,0.0,0.0,-4.77351708,0.54501369,-1.62053529,-14.47921624,106.13691884,-208.13691884,-102.0
376,7.53004,0.0,0.0,0.0,0.0,-4.79732431,0.25418423,-0.75586238,-14.55141807,106.15754794,-208.15754794,-102.0
377,7.55006,0.0,0.0,0.0,0.0,-4.80377869,-0.03741898,0.11127502,-14.57099518,106.16314139,-208.1631414,-102.0
378,7.57009,0.0,0.0,0.0,0.0,-4.79286192,-0.32903233,0.97841844,-14.53788359,106.15368094,-208.15368094,-102.0
379,7.59012,0.0,0.0,0.0,0.0,-4.7646083,-0.61945555,1.84181125,-14.45220163,106.12920038,-208.12920038,-102.0
380,7.61014,0.0,0.0,0.0,0.0,-4.71915306,-0.90749578,2.69772343,-14.31439636,106.08982744,-208.08982744,-102.0
381,7.63017,0.0,0.0,0.0,0.0,-4.65662484,-1.19240106,3.54374252,-14.12491663,106.03569037,-208.03569038,-102.0
382,7.6502,0.0,0.0,0.0,0.0,-4.57728114,-1.47300062,4.37622246,-13.88462268,105.96703496,-207.96703496,-102.0
383,7.67022,0.0,0.0,0.0,0.0,-4.48147672,-1.74815057,5.19161252,-13.5946884,105.88419659,-207.8841966,-102.0
384,7.69025,0.0,0.0,0.0,0.0,-4.36948079,-2.01714063,5.98766415,-13.25604622,105.78744169,-207.78744169,-102.0
385,7.71028,0.0,0.0,0.0,0.0,-4.24176259,-2.2788729,6.76099963,-12.8702491,105.67721394,-207.67721394,-102.0
386,7.7303,0.0,0.0,0.0,0.0,-4.09888099,-2.53229429,7.50839863,-12.43913284,105.55403786,-207.55403787,-102.0
387,7.75033,0.0,0.0,0.0,0.0,-3.94123271,-2.77676366,8.22788001,-11.96405419,105.41830111,-207.41830111,-102.0
388,7.77036,0.0,0.0,0.0,0.0,-3.76947838,-3.01129516,8.91647168,-11.44717321,105.27062083,-207.27062083,-102.0
389,7.79038,0.0,0.0,0.0,0.0,-3.58435717,-3.23496348,9.57141042,-10.89088921,105.11168254,-207.11168254,-102.0
390,7.81041,0.0,0.0,0.0,0.0,-3.38637471,-3.44721973,10.19106354,-10.29690085,104.94197158,-206.94197159,-102.0
391,7.83044,0.0,0.0,0.0,0.0,-3.17635521,-3.64722328,10.77297254,-9.66786197,104.76224619,-206.76224619,-102.0
392,7.85046,0.0,0.0,0.0,0.0,-2.95518765,-3.83420688,11.31492625,-9.00661312,104.57331795,-206.57331795,-102.0
393,7.87049,0.0,0.0,0.0,0.0,-2.72346389,-4.00773158,11.81569399,-8.31509832,104.37574229,-206.37574229,-102.0
394,7.89052,0.0,0.0,0.0,0.0,-2.48213847,-4.16712777,12.2734046,-7.59633478,104.17038128,-206.17038129,-102.0
395,7.91054,0.0,0.0,0.0,0.0,-2.23221507,-4.31180877,12.6864584,-6.85346929,103.958134,-205.958134,-102.0
396,7.93057,0.0,0.0,0.0,0.0,-1.9743467,-4.44145724,13.05405174,-6.08858992,103.73959704,-205.73959704,-102.0
397,7.9506,0.0,0.0,0.0,0.0,-1.70958164,-4.55559236,13.37493913,-5.30494089,103.51569732,-205.51569732,-102.0
398,7.97062,0.0,0.0,0.0,0.0,-1.43900061,-4.65382224,13.64815693,-4.5058381,103.28738224,-205.28738224,-102.0
399,7.99065,0.0,0.0,0.0,0.0,-1.16329205,-4.73595689,13.87332685,-3.69341652,103.05526179,-205.05526179,-102.0
400,8.01068,0.0,0.0,0.0,0.0,-0.88356007,-4.80171387,14.04983467,-2.87101471,102.82028985,-204.82028985,-102.0
401,8.0307,0.0,0.0,0.0,0.0,-0.60092428,-4.85090232,14.17734587,-2.04198782,102.58342502,-204.58342502,-102.0
402,8.05073,0.0,0.0,0.0,0.0,-0.31608362,-4.88345971,14.2558839,-1.2084313,102.34526602,-204.34526602,-102.0
403,8.07076,0.0,0.0,0.0,0.0,-0.03016062,-4.89930395,14.28544359,-0.37365695,102.10675906,-204.10675906,-102.0
404,8.09078,0.0,0.0,0.0,0.0,0.25572315,-4.898444,14.26628713,0.45905688,101.86884083,-203.86884083,-102.0
405,8.11081,0.0,0.0,0.0,0.0,0.54088125,-4.8809402,14.19879996,1.28772532,101.63207842,-203.63207842,-102.0
406,8.13084,0.0,0.0,0.0,0.0,0.82420809,-4.84690598,14.08354255,2.1091681,101.39738049,-203.39738049,-102.0
407,8.15086,0.0,0.0,0.0,0.0,1.10461455,-4.79654243,13.92132259,2.92028163,101.16563377,-203.16563377,-102.0
408,8.17089,0.0,0.0,0.0,0.0,1.38144698,-4.73002444,13.71283807,3.71924573,100.93735831,-202.93735831,-102.0
409,8.19092,0.0,0.0,0.0,0.0,1.65364905,-4.64765036,13.45915728,4.50309746,100.71340068,-202.71340068,-102.0
410,8.21094,0.0,0.0,0.0,0.0,1.92019497,-4.54980048,13.16157021,5.26898663,100.4945752,-202.4945752,-102.0
411,8.23097,0.0,0.0,0.0,0.0,2.1804811,-4.43675313,12.82103409,6.01529496,100.28134425,-202.28134425,-102.0
412,8.251,0.0,0.0,0.0,0.0,2.43352889,-4.3089764,12.43905908,6.73934384,100.07447315,-202.07447315,-102.0
413,8.27102,0.0,0.0,0.0,0.0,2.67840283,-4.16701269,12.01734831,7.43859619,99.87468677,-201.87468677,-102.0
414,8.29105,0.0,0.0,0.0,0.0,2.91456326,-4.01123089,11.5570658,8.11165808,99.68238337,-201.68238337,-102.0
415,8.31108,0.0,0.0,0.0,0.0,3.14113391,-3.84225021,11.06009468,8.75618475,99.4982329,-201.4982329,-102.0
416,8.3311,0.0,0.0,0.0,0.0,3.35729223,-3.66075494,10.5284807,9.36999525,99.32285847,-201.32285847,-102.0
417,8.35113,0.0,0.0,0.0,0.0,3.56257348,-3.46719071,9.96354662,9.95193053,99.15659125,-201.15659125,-102.0
418,8.37116,0.0,0.0,0.0,0.0,3.75622403,-3.26230665,9.36748031,10.50001449,98.99999584,-200.99999584,-102.0
419,8.39118,0.0,0.0,0.0,0.0,3.9375528,-3.04690663,8.74260173,11.01245139,98.85358529,-200.85358529,-102.0
420,8.41121,0.0,0.0,0.0,0.0,4.10617824,-2.8214988,8.09035045,11.4883191,98.71762309,-200.71762309,-102.0
421,8.43124,0.0,0.0,0.0,0.0,4.26148568,-2.58693933,7.41315411,11.92603328,98.5925619,-200.5925619,-102.0
422,8.45126,0.0,0.0,0.0,0.0,4.40293002,-2.34412794,6.71354223,12.32420179,98.47879947,-200.47879947,-102.0
423,8.47129,0.0,0.0,0.0,0.0,4.53021883,-2.09362112,5.99303628,12.6821363,98.37653247,-200.37653247,-102.0
424,8.49132,0.0,0.0,0.0,0.0,4.64288895,-1.83635809,5.25424278,12.99865869,98.2860975,-200.2860975,-102.0
425,8.51134,0.0,0.0,0.0,0.0,4.74055204,-1.57330979,4.49984071,13.27279102,98.20777398,-200.20777398,-102.0
426,8.53137,0.0,0.0,0.0,0.0,4.82300881,-1.30506717,3.73140504,13.50407357,98.14169326,-200.14169326,-102.0
427,8.5514,0.0,0.0,0.0,0.0,4.88995664,-1.03262782,2.95166443,13.69174291,98.08807345,-200.08807345,-102.0
428,8.57142,0.0,0.0,0.0,0.0,4.94117124,-0.75700884,2.16339148,13.83524071,98.04707408,-200.04707408,-102.0
429,8.59145,0.0,0.0,0.0,0.0,4.97654895,-0.47882206,1.36819138,13.9343309,98.0187626,-200.0187626,-102.0
430,8.61148,0.0,0.0,0.0,0.0,4.99595342,-0.19909836,0.56886167,13.98866938,98.00323732,-200.00323732,-102.0
431,8.6315,0.0,0.0,0.0,0.0,4.99932841,0.08112428,-0.23178427,13.99811954,98.00053728,-200.00053728,-102.0
432,8.65153,0.0,0.0,0.0,0.0,4.98666712,0.36122648,-1.0321307,13.96266593,98.01066688,-200.01066688,-102.0
433,8.67156,0.0,0.0,0.0,0.0,4.95800205,0.64016936,-1.82936262,13.88238598,98.03360401,-200.03360401,-102.0
434,8.69158,0.0,0.0,0.0,0.0,4.91344594,0.91691938,-2.62067699,13.7575647,98.06926723,-200.06926723,-102.0
435,8.71161,0.0,0.0,0.0,0.0,4.85308892,1.19086287,-3.40446596,13.5884071,98.11759798,-200.11759798,-102.0
436,8.73164,0.0,0.0,0.0,0.0,4.77713186,1.46097826,-4.17794812,13.37541239,98.17845361,-200.17845361,-102.0
437,8.75166,0.0,0.0,0.0,0.0,4.68585431,1.72626177,-4.93838197,13.11928539,98.25163275,-200.25163275,-102.0
438,8.77169,0.0,0.0,0.0,0.0,4.57944229,1.98611871,-5.684187,12.82045414,98.33701311,-200.33701311,-102.0
439,8.79172,0.0,0.0,0.0,0.0,4.45826146,2.23957015,-6.41266782,12.47983796,98.43433202,-200.43433202,-102.0
440,8.81174,0.0,0.0,0.0,0.0,4.32275292,2.48566717,-7.12119743,12.09855718,98.54326938,-200.54326938,-102.0
441,8.83177,0.0,0.0,0.0,0.0,4.17319625,2.72384761,-7.80824528,11.67726772,98.6636378,-200.6636378,-102.0
442,8.8518,0.0,0.0,0.0,0.0,4.0101151,2.95320027,-8.47125734,11.21730409,98.79505598,-200.79505598,-102.0
443,8.87182,0.0,0.0,0.0,0.0,3.83410357,3.17285585,-9.10777733,10.72019434,98.93708733,-200.93708733,-102.0
444,8.89185,0.0,0.0,0.0,0.0,3.64553101,3.38229858,-9.71635221,10.18682754,99.08947785,-201.08947785,-102.0
445,8.91188,0.0,0.0,0.0,0.0,3.44506881,3.58070968,-10.29462884,9.6189437,99.25173037,-201.25173037,-102.0
446,8.9319,0.0,0.0,0.0,0.0,3.23345199,3.76732357,-10.84038186,9.01846509,99.42329569,-201.42329569,-102.0
447,8.95193,0.0,0.0,0.0,0.0,3.01113405,3.94168501,-11.35226975,8.3865175,99.60385214,-201.60385215,-102.0
448,8.97196,0.0,0.0,0.0,0.0,2.77892013,4.10309154,-11.82820424,7.7252293,99.79279163,-201.79279163,-102.0
449,8.99198,0.0,0.0,0.0,0.0,2.53767041,4.25090439,-12.26625538,7.03689533,99.98945848,-201.98945848,-102.0
450,9.01201,0.0,0.0,0.0,0.0,2.28791464,4.38474306,-12.66523409,6.32287695,100.19346373,-202.19346373,-102.0
451,9.03204,0.0,0.0,0.0,0.0,2.03057376,4.50404396,-13.02338495,5.58566351,100.40409614,-202.40409614,-102.0
452,9.05206,0.0,0.0,0.0,0.0,1.76661333,4.6083166,-13.33914127,4.82788941,100.62060302,-202.62060302,-102.0
453,9.07209,0.0,0.0,0.0,0.0,1.4966288,4.69726915,-13.61151373,4.05114248,100.84253071,-202.84253071,-102.0
454,9.09212,0.0,0.0,0.0,0.0,1.22163481,4.77049744,-13.83915012,3.25823218,101.06907651,-203.06907651,-102.0
455,9.11214,0.0,0.0,0.0,0.0,0.94267842,4.82767831,-14.02091605,2.45208516,101.29940423,-203.29940423,-102.0
456,9.13217,0.0,0.0,0.0,0.0,0.6604072,4.86862163,-14.1560739,1.63449515,101.53300137,-203.53300137,-102.0
457,9.1522,0.0,0.0,0.0,0.0,0.37590319,4.89310028,-14.24374432,0.80853448,101.76899013,-203.76899013,-102.0
458,9.17222,0.0,0.0,0.0,0.0,0.09026692,4.90097413,-14.28329184,-0.02264234,102.00646922,-204.00646922,-102.0
459,9.19225,0.0,0.0,0.0,0.0,-0.19581861,4.89216618,-14.27428403,-0.85707068,102.24487732,-204.24487732,-102.0
460,9.21228,0.0,0.0,0.0,0.0,-0.48123439,4.86663993,-14.21637871,-1.69149124,102.48328319,-204.48328319,-102.0
461,9.2323,0.0,0.0,0.0,0.0,-0.76485818,4.82444958,-14.1094987,-2.5226048,102.7207442,-204.7207442,-102.0
462,9.25233,0.0,0.0,0.0,0.0,-1.04599147,4.76564006,-13.95356704,-3.34832748,102.95666496,-204.95666497,-102.0
463,9.27236,0.0,0.0,0.0,0.0,-1.32351219,4.69037395,-13.74883205,-4.16530833,103.19008806,-205.19008806,-102.0
464,9.29238,0.0,0.0,0.0,0.0,-1.59631144,4.59890553,-13.49582062,-4.97020555,103.42005869,-205.4200587,-102.0
465,9.31241,0.0,0.0,0.0,0.0,-1.86369781,4.4914068,-13.19485279,-5.76088483,103.64596706,-205.64596706,-102.0
466,9.33244,0.0,0.0,0.0,0.0,-2.12458285,4.36824164,-12.84680285,-6.53401719,103.86686201,-205.86686201,-102.0
467,9.35246,0.0,0.0,0.0,0.0,-2.37790814,4.22986343,-12.45282735,-7.28633737,104.08181063,-206.08181063,-102.0
468,9.37249,0.0,0.0,0.0,0.0,-2.62301417,4.07657184,-12.01366961,-8.01574501,104.29021281,-206.29021282,-102.0
469,9.39252,0.0,0.0,0.0,0.0,-2.85888413,3.9089269,-11.53084074,-8.71906144,104.49116036,-206.49116036,-102.0
470,9.41255,0.0,0.0,0.0,0.0,-3.08465813,3.72747868,-11.00585332,-9.39355845,104.68387379,-206.68387379,-102.0
471,9.43257,0.0,0.0,0.0,0.0,-3.29940402,3.53293142,-10.44069597,-10.03627838,104.86750805,-206.86750805,-102.0
472,9.4526,0.0,0.0,0.0,0.0,-3.50254468,3.3257464,-9.83667981,-10.64531673,105.04151901,-207.04151901,-102.0
473,9.47263,0.0,0.0,0.0,0.0,-3.69321744,3.1067234,-9.19612834,-11.21790784,105.20511647,-207.20511647,-102.0
474,9.49265,0.0,0.0,0.0,0.0,-3.87062722,2.87673334,-8.52160608,-11.75148344,105.35756663,-207.35756664,-102.0
475,9.51268,0.0,0.0,0.0,0.0,-4.03428775,2.63634447,-7.81481804,-12.24440366,105.49840098,-207.49840098,-102.0
476,9.53271,0.0,0.0,0.0,0.0,-4.18349246,2.38650936,-7.07862414,-12.69436904,105.62696251,-207.62696252,-102.0
477,9.55273,0.0,0.0,0.0,0.0,-4.31761575,2.1282383,-6.31608423,-13.09932863,105.74266525,-207.74266525,-102.0
478,9.57276,0.0,0.0,0.0,0.0,-4.4362842,1.86218771,-5.52923815,-13.45800179,105.84514329,-207.84514329,-102.0
479,9.59279,0.0,0.0,0.0,0.0,-4.53897673,1.58943128,-4.72138078,-13.76867375,105.93390671,-207.93390671,-102.0
480,9.61281,0.0,0.0,0.0,0.0,-4.62526365,1.31108419,-3.89595314,-14.02991967,106.0085484,-208.0085484,-102.0
481,9.63284,0.0,0.0,0.0,0.0,-4.69490207,1.02786701,-3.05524405,-14.2408967,106.06882755,-208.06882755,-102.0
482,9.65287,0.0,0.0,0.0,0.0,-4.7475787,0.74093647,-2.20285122,-14.40056742,106.11444775,-208.11444775,-102.0
483,9.67289,0.0,0.0,0.0,0.0,-4.78307854,0.4514725,-1.34245479,-14.50821222,106.14520341,-208.14520341,-102.0
484,9.69292,0.0,0.0,0.0,0.0,-4.80130105,0.1602317,-0.47648557,-14.56348001,106.1609942,-208.1609942,-102.0
485,9.71295,0.0,0.0,0.0,0.0,-4.80215435,-0.13158874,0.39131056,-14.56606822,106.16173369,-208.16173369,-102.0
486,9.73297,0.0,0.0,0.0,0.0,-4.78564775,-0.42278799,1.25717475,-14.51600396,106.14742961,-208.14742961,-102.0
487,9.753,0.0,0.0,0.0,0.0,-4.75182802,-0.71260377,2.11865377,-14.41345079,106.11812871,-208.11812871,-102.0
488,9.77303,0.0,0.0,0.0,0.0,-4.70082866,-0.99984332,2.97201941,-14.25885756,106.07395921,-208.07395921,-102.0
489,9.79305,0.0,0.0,0.0,0.0,-4.63288297,-1.28332997,3.81360093,-14.05299726,106.01514198,-208.01514198,-102.0
490,9.81308,0.0,0.0,0.0,0.0,-4.54818276,-1.56232652,4.64104421,-13.79653739,105.94186773,-207.94186774,-102.0
491,9.83311,0.0,0.0,0.0,0.0,-4.44708083,-1.83568921,5.45080302,-13.49065196,105.8544719,-207.8544719,-102.0
492,9.85313,0.0,0.0,0.0,0.0,-4.33002434,-2.10230923,6.23945485,-13.13681679,105.75337613,-207.75337614,-102.0
493,9.87316,0.0,0.0,0.0,0.0,-4.19734069,-2.36150363,7.00485747,-12.73616023,105.63890283,-207.63890283,-102.0
494,9.89319,0.0,0.0,0.0,0.0,-4.04958647,-2.61221939,7.7437966,-12.29051527,105.5115757,-207.5115757,-102.0
495,9.91321,0.0,0.0,0.0,0.0,-3.88740339,-2.85345555,8.45323955,-11.8019799,105.37199416,-207.37199416,-102.0
496,9.93324,0.0,0.0,0.0,0.0,-3.71123877,-3.0846091,9.13135035,-11.2720728,105.22059213,-207.22059214,-102.0
497,9.95327,0.0,0.0,0.0,0.0,-3.52182913,-3.30475451,9.77537194,-10.70318691,105.05805331,-207.05805331,-102.0
498,9.97329,0.0,0.0,0.0,0.0,-3.31998377,-3.51303286,10.38277482,-10.09793216,104.88512338,-206.88512338,-102.0
499,9.99332,0.0,0.0,0.0,0.0,-3.10624929,-3.7089419,10.95209861,-9.45812774,104.70232212,-206.70232212,-102.0
500,10.01335,0.0,0.0,0.0,0.0,-2.88151171,-3.89171366,11.48113674,-8.78660434,104.51045829,-206.51045829,-102.0
501,10.03337,0.0,0.0,0.0,0.0,-2.6467151,-4.06065821,11.96794237,-8.08635451,104.31038691,-206.31038692,-102.0
502,10.0534,0.0,0.0,0.0,0.0,-2.40248143,-4.21538912,12.41147165,-7.35939818,104.10268511,-206.10268511,-102.0
503,10.07343,0.0,0.0,0.0,0.0,-2.1498112,-4.3553183,12.81012651,-6.60886945,103.88824833,-205.88824833,-102.0
504,10.09345,0.0,0.0,0.0,0.0,-1.88974676,-4.47994367,13.16258661,-5.83800627,103.66800171,-205.66800171,-102.0
505,10.11348,0.0,0.0,0.0,0.0,-1.6229599,-4.58900366,13.46823742,-5.04892889,103.44255103,-205.44255103,-102.0
506,10.13351,0.0,0.0,0.0,0.0,-1.35052819,-4.68210419,13.72611281,-4.24493892,103.21283961,-205.21283961,-102.0
507,10.15353,0.0,0.0,0.0,0.0,-1.07355415,-4.75894168,13.93552897,-3.42938486,102.97982417,-204.97982417,-102.0
508,10.17356,0.0,0.0,0.0,0.0,-0.79273384,-4.8193826,14.09628875,-2.60439409,102.74411252,-204.74411252,-102.0
509,10.19359,0.0,0.0,0.0,0.0,-0.509184,-4.86323301,14.20805051,-1.77330742,102.50665919,-204.50665919,-102.0
510,10.21361,0.0,0.0,0.0,0.0,-0.22402954,-4.89039069,14.27074805,-0.93945942,102.26841691,-204.26841691,-102.0
511,10.23364,0.0,0.0,0.0,0.0,0.06203343,-4.90084809,14.28457001,-0.10490459,102.02997267,-204.02997267,-102.0
512,10.25367,0.0,0.0,0.0,0.0,0.34788564,-4.89461026,14.24976691,0.72709145,101.79225952,-203.79225952,-102.0
513,10.27369,0.0,0.0,0.0,0.0,0.63241578,-4.87177214,14.16684857,1.55331644,101.55619524,-203.55619524,-102.0
514,10.29372,0.0,0.0,0.0,0.0,0.91494955,-4.83244579,14.03634466,2.37185246,101.32232781,-203.32232781,-102.0
515,10.31375,0.0,0.0,0.0,0.0,1.19439929,-4.77682774,13.85904724,3.17960562,101.09154119,-203.09154119,-102.0
516,10.33377,0.0,0.0,0.0,0.0,1.46970022,-4.70519995,13.63598487,3.97357547,100.86469267,-202.86469267,-102.0
517,10.3538,0.0,0.0,0.0,0.0,1.7402188,-4.6177844,13.36797642,4.75202718,100.6422779,-202.6422779,-102.0
518,10.37383,0.0,0.0,0.0,0.0,2.00492972,-4.51495636,13.05629337,5.51211599,100.42510967,-202.42510967,-102.0
519,10.39385,0.0,0.0,0.0,0.0,2.26284391,-4.39716989,12.70241653,6.2511234,100.2139647,-202.2139647,-102.0
520,10.41388,0.0,0.0,0.0,0.0,2.51338438,-4.26474491,12.30740055,6.96752805,100.00927766,-202.00927766,-102.0
521,10.43391,0.0,0.0,0.0,0.0,2.75561491,-4.11821859,11.87292851,7.65879332,99.8117733,-201.8117733,-102.0
522,10.45393,0.0,0.0,0.0,0.0,2.98864723,-3.9581985,11.4008632,8.32253471,99.6221329,-201.6221329,-102.0
523,10.47396,0.0,0.0,0.0,0.0,3.21197353,-3.78508911,10.89244421,8.95746112,99.44072536,-201.44072536,-102.0
524,10.49399,0.0,0.0,0.0,0.0,3.42476934,-3.59956962,10.34969725,9.56138678,99.26817517,-201.26817517,-102.0
525,10.51401,0.0,0.0,0.0,0.0,3.626268,-3.40237988,9.77479718,10.13229765,99.10505778,-201.10505778,-102.0
526,10.53404,0.0,0.0,0.0,0.0,3.81604059,-3.19399484,9.16912301,10.66913924,98.95167447,-200.95167447,-102.0
527,10.55407,0.0,0.0,0.0,0.0,3.99339295,-2.97521371,8.53497608,11.17010589,98.80854115,-200.80854115,-102.0
528,10.57409,0.0,0.0,0.0,0.0,4.15769679,-2.74688561,7.87477641,11.63357802,98.67612054,-200.67612054,-102.0
529,10.59412,0.0,0.0,0.0,0.0,4.30860922,-2.50954172,7.19000359,12.05873714,98.55464651,-200.55464651,-102.0
530,10.61415,0.0,0.0,0.0,0.0,4.44558104,-2.26407783,6.48317136,12.44417659,98.44452096,-200.44452096,-102.0
531,10.63417,0.0,0.0,0.0,0.0,4.56813513,-2.01142811,5.75688224,12.78868587,98.34608974,-200.34608974,-102.0
532,10.6542,0.0,0.0,0.0,0.0,4.67601972,-1.75216595,5.01268447,13.0916781,98.25952053,-200.25952053,-102.0
533,10.67423,0.0,0.0,0.0,0.0,4.7688415,-1.48725936,4.25324515,13.35215719,98.18509794,-200.18509794,-102.0
534,10.69425,0.0,0.0,0.0,0.0,4.84628375,-1.21770274,3.48129122,13.56932971,98.12304865,-200.12304865,-102.0
535,10.71428,0.0,0.0,0.0,0.0,4.90818911,-0.94409791,2.69841357,13.74283506,98.07347569,-200.07347569,-102.0
536,10.73431,0.0,0.0,0.0,0.0,4.95432773,-0.66746021,1.90737764,13.87209427,98.03654449,-200.03654449,-102.0
537,10.75433,0.0,0.0,0.0,0.0,4.98454909,-0.3888191,1.11098038,13.95673478,98.01236149,-200.01236149,-102.0
538,10.77436,0.0,0.0,0.0,0.0,4.99879214,-0.10879135,0.31083394,13.99661798,98.00096629,-200.00096629,-102.0
539,10.79439,0.0,0.0,0.0,0.0,4.99699484,0.1715855,-0.49025018,13.99158544,98.00240416,-200.00240416,-102.0
540,10.81441,0.0,0.0,0.0,0.0,4.97917549,0.45127232,-1.28945689,13.94168652,98.016661,-200.016661,-102.0
541,10.83444,0.0,0.0,0.0,0.0,4.94537008,0.7296506,-2.08517165,13.84700279,98.04371349,-200.04371349,-102.0
542,10.85447,0.0,0.0,0.0,0.0,4.89568557,1.00568597,-2.87458793,13.70779767,98.08348638,-200.08348638,-102.0
543,10.87449,0.0,0.0,0.0,0.0,4.83030868,1.27835491,-3.65492342,13.52454159,98.13584526,-200.13584526,-102.0
544,10.89452,0.0,0.0,0.0,0.0,4.749372,1.54705045,-4.42457983,13.29753739,98.20070361,-200.20070361,-102.0
545,10.91455,0.0,0.0,0.0,0.0,4.65314968,1.81076671,-5.18080702,13.02746983,98.27786577,-200.27786577,-102.0
546,10.93457,0.0,0.0,0.0,0.0,4.54199333,2.06852101,-5.9209073,12.71522758,98.36707784,-200.36707784,-102.0
547,10.9546,0.0,0.0,0.0,0.0,4.41613055,2.31973133,-6.64331913,12.36133848,98.46818901,-200.46818901,-102.0
548,10.97463,0.0,0.0,0.0,0.0,4.2759977,2.56344551,-7.34540238,11.9669057,98.58088409,-200.58088409,-102.0
549,10.99465,0.0,0.0,0.0,0.0,4.12210457,2.7987467,-8.02459817,11.53323054,98.70479128,-200.70479128,-102.0
550,11.01468,0.0,0.0,0.0,0.0,3.95477089,3.02509146,-8.67940634,11.06107108,98.83969398,-200.83969398,-102.0
551,11.03471,0.0,0.0,0.0,0.0,3.77458691,3.24160635,-9.30735383,10.55194216,98.98515939,-200.98515939,-102.0
552,11.05473,0.0,0.0,0.0,0.0,3.58221054,3.44746484,-9.90607847,10.00754768,99.14070067,-201.14070067,-102.0
553,11.07476,0.0,0.0,0.0,0.0,3.37804905,3.64217609,-10.47417178,9.42888083,99.30603406,-201.30603406,-102.0
554,11.09479,0.0,0.0,0.0,0.0,3.16283474,3.82496973,-11.00938922,8.81785544,99.48061274,-201.48061274,-102.0
555,11.11481,0.0,0.0,0.0,0.0,2.93735997,3.99513331,-11.50962748,8.17656129,99.66383964,-201.66383964,-102.0
556,11.13484,0.0,0.0,0.0,0.0,2.70211299,4.15224278,-11.97360678,7.50622855,99.85536327,-201.85536327,-102.0
557,11.15487,0.0,0.0,0.0,0.0,2.45795242,4.29565422,-12.39937701,6.80914882,100.05452891,-202.05452891,-102.0
558,11.17489,0.0,0.0,0.0,0.0,2.20578758,4.42479171,-12.78515985,6.08777145,100.26063673,-202.26063673,-102.0
559,11.19492,0.0,0.0,0.0,0.0,1.94617866,4.53931214,-13.12984809,5.34355935,100.47326876,-202.47326876,-102.0
560,11.21495,0.0,0.0,0.0,0.0,1.68009086,4.63871982,-13.43185536,4.57914894,100.69167173,-202.69167173,-102.0
561,11.23497,0.0,0.0,0.0,0.0,1.40852888,4.72259586,-13.68979706,3.79731021,100.91505422,-202.91505422,-102.0
562,11.255,0.0,0.0,0.0,0.0,1.13211299,4.7906917,-13.90278823,2.9997251,101.14293568,-203.14293568,-102.0
563,11.27503,0.0,0.0,0.0,0.0,0.85189103,4.84267928,-14.06967672,2.18932705,101.37447798,-203.37447798,-102.0
564,11.29506,0.0,0.0,0.0,0.0,0.56879543,4.8783281,-14.18958816,1.36874041,101.6089313,-203.6089313,-102.0
565,11.31508,0.0,0.0,0.0,0.0,0.2839173,4.89745556,-14.26176891,0.54107483,101.84540718,-203.84540718,-102.0
566,11.33511,0.0,0.0,0.0,0.0,-0.00206673,4.89995823,-14.28571301,-0.29173977,102.08335421,-204.08335421,-102.0
567,11.35514,0.0,0.0,0.0,0.0,-0.28804314,4.88575561,-14.26095186,-1.12647867,102.32185103,-204.32185103,-102.0
568,11.37516,0.0,0.0,0.0,0.0,-0.57289164,4.85485733,-14.18727758,-1.95986704,102.55996199,-204.55996199,-102.0
569,11.39519,0.0,0.0,0.0,0.0,-0.85591534,4.80728016,-14.06452894,-2.78984253,102.79709784,-204.79709784,-102.0
570,11.41522,0.0,0.0,0.0,0.0,-1.13598972,4.74314132,-13.89281707,-3.61306557,103.03230442,-205.03230443,-102.0
571,11.43524,0.0,0.0,0.0,0.0,-1.41199969,4.66264972,-13.67252937,-4.42619412,103.26462686,-205.26462686,-102.0
572,11.45527,0.0,0.0,0.0,0.0,-1.68325013,4.56594846,-13.40389331,-5.22709838,103.49345665,-205.49345665,-102.0
573,11.4753,0.0,0.0,0.0,0.0,-1.94864169,4.45335612,-13.0876399,-6.01243364,103.71783815,-205.71783815,-102.0
574,11.49532,0.0,0.0,0.0,0.0,-2.20710125,4.32528158,-12.72478256,-6.77890621,103.93683031,-205.93683031,-102.0
575,11.51535,0.0,0.0,0.0,0.0,-2.45795985,4.18199592,-12.31596775,-7.52440001,104.14982853,-206.14982853,-102.0
576,11.53538,0.0,0.0,0.0,0.0,-2.70018116,4.02401573,-11.86256334,-8.24569064,104.35591157,-206.35591157,-102.0
577,11.5554,0.0,0.0,0.0,0.0,-2.93277198,3.85194311,-11.36621407,-8.93966196,104.55418908,-206.55418909,-102.0
578,11.57543,0.0,0.0,0.0,0.0,-3.15511507,3.66617352,-10.82799568,-9.60430549,104.74408723,-206.74408724,-102.0
579,11.59546,0.0,0.0,0.0,0.0,-3.3662752,3.46741028,-10.24990048,-10.23665257,104.92475783,-206.92475783,-102.0
580,11.61548,0.0,0.0,0.0,0.0,-3.56537637,3.256434,-9.63417859,-10.83390064,105.09540013,-207.09540013,-102.0
581,11.63551,0.0,0.0,0.0,0.0,-3.75187858,3.03375503,-8.98232022,-11.39424956,105.25549982,-207.25549982,-102.0
582,11.65554,0.0,0.0,0.0,0.0,-3.92498397,2.80024395,-8.29689565,-11.91512335,105.4043209,-207.4043209,-102.0
583,11.67556,0.0,0.0,0.0,0.0,-4.08396849,2.55683693,-7.58069972,-12.39416688,105.54119047,-207.54119048,-102.0
584,11.69559,0.0,0.0,0.0,0.0,-4.22839312,2.30414373,-6.835594,-12.82988772,105.66568214,-207.66568214,-102.0
585,11.71562,0.0,0.0,0.0,0.0,-4.35762981,2.04317464,-6.06464462,-13.22023083,105.77720874,-207.77720874,-102.0
586,11.73564,0.0,0.0,0.0,0.0,-4.47113647,1.7749908,-5.27109534,-13.56340936,105.87525974,-207.87525975,-102.0
587,11.75567,0.0,0.0,0.0,0.0,-4.56859537,1.50028015,-4.45710775,-13.85832726,105.959522,-207.959522,-102.0
588,11.7757,0.0,0.0,0.0,0.0,-4.64957474,1.22015799,-3.62612807,-14.10355882,106.02958816,-208.02958816,-102.0
589,11.79572,0.0,0.0,0.0,0.0,-4.71373774,0.93577327,-2.78172158,-14.29798239,106.08513775,-208.08513775,-102.0
590,11.81575,0.0,0.0,0.0,0.0,-4.76090317,0.64786608,-1.92625385,-14.44096697,106.12599048,-208.12599048,-102.0
591,11.83578,0.0,0.0,0.0,0.0,-4.7908542,0.35761642,-1.0634079,-14.53179431,106.15194115,-208.15194115,-102.0
592,11.8558,0.0,0.0,0.0,0.0,-4.80347411,0.06621897,-0.19691902,-14.5700713,106.16287743,-208.16287743,-102.0
593,11.87583,0.0,0.0,0.0,0.0,-4.7987271,-0.22556335,0.67075698,-14.55567285,106.15876358,-208.15876359,-102.0
594,11.89586,0.0,0.0,0.0,0.0,-4.77662075,-0.51652973,1.53586137,-14.48862815,106.13960795,-208.13960796,-102.0
595,11.91588,0.0,0.0,0.0,0.0,-4.73726374,-0.80548446,2.39465367,-14.36929573,106.10551297,-208.10551298,-102.0
596,11.93591,0.0,0.0,0.0,0.0,-4.6807675,-1.09167259,3.24470965,-14.19806462,106.0565898,-208.0565898,-102.0
597,11.95594,0.0,0.0,0.0,0.0,-4.60736351,-1.37391754,4.08236162,-13.97570903,105.99305963,-207.99305963,-102.0
598,11.97596,0.0,0.0,0.0,0.0,-4.51738116,-1.65106736,4.90402938,-13.70331945,105.91523403,-207.91523404,-102.0
599,11.99599,0.0,0.0,0.0,0.0,-4.4110736,-1.92240534,5.70743921,-13.38177362,105.8233638,-207.8233638,-102.0
600,12.01602,0.0,0.0,0.0,0.0,-4.28888589,-2.18682282,6.48917397,-13.01254632,105.71787028,-207.71787028,-102.0
601,12.03604,0.0,0.0,0.0,0.0,-4.15135383,-2.44325389,7.24596702,-12.59739957,105.59925692,-207.59925692,-102.0
602,12.05607,0.0,0.0,0.0,0.0,-3.99885993,-2.69104795,7.97580087,-12.13764379,105.46789813,-207.46789813,-102.0
603,12.0761,0.0,0.0,0.0,0.0,-3.83204348,-2.929204,8.67564912,-11.63537264,105.32439209,-207.32439209,-102.0
604,12.09612,0.0,0.0,0.0,0.0,-3.65162378,-3.15677989,9.34268883,-11.09292475,105.16940697,-207.16940698,-102.0
605,12.11615,0.0,0.0,0.0,0.0,-3.45809469,-3.37321478,9.9752427,-10.51196314,105.00341794,-207.00341795,-102.0
606,12.13618,0.0,0.0,0.0,0.0,-3.25226269,-3.57764934,10.57078688,-9.89508977,104.82716841,-206.82716841,-102.0
607,12.1562,0.0,0.0,0.0,0.0,-3.03500082,-3.76929627,11.12704105,-9.24509986,104.64145701,-206.64145701,-102.0
608,12.17623,0.0,0.0,0.0,0.0,-2.80689197,-3.94770289,11.6427251,-8.56391366,104.44683238,-206.44683238,-102.0
609,12.19626,0.0,0.0,0.0,0.0,-2.56887714,-4.11217826,12.11589562,-7.85451246,104.24414632,-206.24414632,-102.0
610,12.21628,0.0,0.0,0.0,0.0,-2.32194835,-4.26211339,12.54487864,-7.12001399,104.03428962,-206.03428962,-102.0
611,12.23631,0.0,0.0,0.0,0.0,-2.06675274,-4.39717616,12.92881954,-6.36249451,103.81785548,-205.81785548,-102.0
612,12.25634,0.0,0.0,0.0,0.0,-1.80432943,-4.51686274,13.26639786,-5.58517843,103.59576518,-205.59576518,-102.0
613,12.27636,0.0,0.0,0.0,0.0,-1.53575204,-4.6207577,13.55657448,-4.79136862,103.36896238,-205.36896238,-102.0
614,12.29639,0.0,0.0,0.0,0.0,-1.26170615,-4.70865586,13.7989216,-3.98319926,103.13805685,-205.13805685,-102.0
615,12.31642,0.0,0.0,0.0,0.0,-0.98329122,-4.78025105,13.99275094,-3.16400436,102.90400116,-204.90400116,-102.0
616,12.33644,0.0,0.0,0.0,0.0,-0.70162422,-4.83532853,14.13765475,-2.33714077,102.66775443,-204.66775443,-102.0
617,12.35647,0.0,0.0,0.0,0.0,-0.41740411,-4.87381086,14.23361076,-1.50471268,102.42991783,-204.42991783,-102.0
618,12.3765,0.0,0.0,0.0,0.0,-0.13175313,-4.89559235,14.2805436,-0.67004086,102.19144017,-204.19144017,-102.0
619,12.39652,0.0,0.0,0.0,0.0,0.15420554,-4.90065857,14.27864719,0.16358175,101.95326228,-203.95326228,-102.0
620,12.41655,0.0,0.0,0.0,0.0,0.43978285,-4.88905572,14.22826657,0.99415406,101.71595591,-203.71595591,-102.0
621,12.43658,0.0,0.0,0.0,0.0,0.72386946,-4.86087451,14.12989804,1.81847534,101.48043555,-203.48043555,-102.0
622,12.4566,0.0,0.0,0.0,0.0,1.00537071,-4.81629388,13.98428782,2.63341685,101.24759512,-203.24759512,-102.0
623,12.47663,0.0,0.0,0.0,0.0,1.28362813,-4.75547569,13.79209968,3.43713664,101.0179609,-203.0179609,-102.0
624,12.49666,0.0,0.0,0.0,0.0,1.55757796,-4.67869711,13.55434511,4.22664221,100.79238788,-202.79238788,-102.0
625,12.51668,0.0,0.0,0.0,0.0,1.82618545,-4.58631803,13.27226056,4.99904987,100.57169998,-202.57169998,-102.0
626,12.53671,0.0,0.0,0.0,0.0,2.08884025,-4.47860519,12.94677534,5.75271604,100.35636679,-202.35636679,-102.0
627,12.55674,0.0,0.0,0.0,0.0,2.34455323,-4.3560075,12.5793509,6.48492553,100.14716408,-202.14716409,-102.0
628,12.57676,0.0,0.0,0.0,0.0,2.59237693,-4.21904917,12.17164513,7.19310163,99.94482806,-201.94482806,-102.0
629,12.59679,0.0,0.0,0.0,0.0,2.83176349,-4.06808908,11.7248002,7.87582312,99.74976478,-201.74976478,-102.0
630,12.61682,0.0,0.0,0.0,0.0,3.06182339,-3.9037296,11.24065867,8.53070365,99.56265606,-201.56265606,-102.0
631,12.63684,0.0,0.0,0.0,0.0,3.28171965,-3.72663938,10.72122938,9.15551832,99.38413758,-201.38413758,-102.0
632,12.65687,0.0,0.0,0.0,0.0,3.49097821,-3.53725567,10.1678186,9.74908005,99.21454852,-201.21454852,-102.0
633,12.6769,0.0,0.0,0.0,0.0,3.68882996,-3.33631341,9.58258161,10.3093677,99.05446634,-201.05446634,-102.0
634,12.69692,0.0,0.0,0.0,0.0,3.87456744,-3.12460354,8.96780934,10.83453878,98.90441746,-200.90441746,-102.0
635,12.71695,0.0,0.0,0.0,0.0,4.0477989,-2.90262752,8.32492952,11.32364319,98.76467335,-200.76467335,-102.0
636,12.73698,0.0,0.0,0.0,0.0,4.20789248,-2.67123012,7.65634464,11.77504934,98.63570016,-200.63570016,-102.0
637,12.757,0.0,0.0,0.0,0.0,4.35428519,-2.43130096,6.96456264,12.18731661,98.51790952,-200.51790952,-102.0
638,12.77703,0.0,0.0,0.0,0.0,4.48667378,-2.18339153,6.25109691,12.55972926,98.41150591,-200.41150591,-102.0
639,12.79706,0.0,0.0,0.0,0.0,4.60457663,-1.92843251,5.51853581,12.89106055,98.31683983,-200.31683983,-102.0
640,12.81708,0.0,0.0,0.0,0.0,4.70758639,-1.66738772,4.76954364,13.18028312,98.23420481,-200.23420481,-102.0
641,12.83711,0.0,0.0,0.0,0.0,4.7954926,-1.40084474,4.00569031,13.42691047,98.16373985,-200.16373985,-102.0
642,12.85714,0.0,0.0,0.0,0.0,4.86797326,-1.12979554,3.22969287,13.6301298,98.10567719,-200.10567719,-102.0
643,12.87716,0.0,0.0,0.0,0.0,4.92478439,-0.85525308,2.44431564,13.78933292,98.06019059,-200.06019059,-102.0
644,12.89719,0.0,0.0,0.0,0.0,4.96581092,-0.57782743,1.65116131,13.90425749,98.027355,-200.027355,-102.0
645,12.91722,0.0,0.0,0.0,0.0,4.99089663,-0.29854682,0.85302196,13.97450963,98.00728296,-200.00728296,-102.0
646,12.93724,0.0,0.0,0.0,0.0,4.99996527,-0.01844809,0.05270885,13.99990276,98.00002778,-200.00002778,-102.0
647,12.95727,0.0,0.0,0.0,0.0,4.99299855,0.26184957,-0.74816259,13.98039539,98.00560132,-200.00560132,-102.0
648,12.9773,0.0,0.0,0.0,0.0,4.97000895,0.54130692,-1.54677675,13.91601499,98.02399572,-200.02399572,-102.0
649,12.99732,0.0,0.0,0.0,0.0,4.93108926,0.81888857,-2.34032671,13.80699672,98.0551438,-200.0551438,-102.0
650,13.01735,0.0,0.0,0.0,0.0,4.87631815,1.09397947,-3.12720274,13.6535194,98.09899446,-200.09899446,-102.0
651,13.03738,0.0,0.0,0.0,0.0,4.80587669,1.36555469,-3.90461673,13.45603236,98.15541933,-200.15541933,-102.0
652,13.0574,0.0,0.0,0.0,0.0,4.72002492,1.63260561,-4.66981719,13.21519087,98.22423119,-200.22423119,-102.0
653,13.07743,0.0,0.0,0.0,0.0,4.61893757,1.8945346,-5.42121928,12.93139637,98.30531533,-200.30531533,-102.0
654,13.09746,0.0,0.0,0.0,0.0,4.50296109,2.15035635,-6.15611459,12.60551862,98.39842326,-200.39842326,-102.0
655,13.11748,0.0,0.0,0.0,0.0,4.37251785,2.39911415,-6.87185973,12.23862907,98.50324885,-200.50324885,-102.0
656,13.13751,0.0,0.0,0.0,0.0,4.22787651,2.64024128,-7.56691688,11.83135638,98.61961247,-200.61961247,-102.0
657,13.15754,0.0,0.0,0.0,0.0,4.06954248,2.87281722,-8.23871228,11.38498632,98.74714678,-200.74714678,-102.0
658,13.17757,0.0,0.0,0.0,0.0,3.89800346,3.09607097,-8.88508238,10.90074824,98.88550051,-200.88550051,-102.0
659,13.19759,0.0,0.0,0.0,0.0,3.71388498,3.30915352,-9.5036153,10.38025632,99.03421249,-201.03421249,-102.0
660,13.21762,0.0,0.0,0.0,0.0,3.51757503,3.5115609,-10.09287889,9.82445033,99.1930142,-201.1930142,-102.0
661,13.23765,0.0,0.0,0.0,0.0,3.30977506,3.70249738,-10.65057138,9.23515552,99.36138415,-201.36138415,-102.0
662,13.25767,0.0,0.0,0.0,0.0,3.09124847,3.88122273,-11.17452538,8.61437646,99.53874959,-201.53874959,-102.0
663,13.2777,0.0,0.0,0.0,0.0,2.86246592,4.04729659,-11.66342843,7.96328989,99.72477433,-201.72477433,-102.0
664,13.29773,0.0,0.0,0.0,0.0,2.62425908,4.20004449,-12.11525798,7.28410451,99.91882729,-201.91882729,-102.0
665,13.31775,0.0,0.0,0.0,0.0,2.37751261,4.33885783,-12.52815639,6.5791914,100.12023104,-202.12023104,-102.0
666,13.33778,0.0,0.0,0.0,0.0,2.12277136,4.46337399,-12.90097332,5.84996172,100.32858237,-202.32858237,-102.0
667,13.35781,0.0,0.0,0.0,0.0,1.86097844,4.57306203,-13.23203408,5.09897762,100.54314926,-202.54314926,-102.0
668,13.37783,0.0,0.0,0.0,0.0,1.59311909,4.66746592,-13.51985912,4.32894086,100.76315976,-202.76315976,-102.0
669,13.39786,0.0,0.0,0.0,0.0,1.3198012,4.74631463,-13.76350874,3.54148573,100.98814694,-202.98814694,-102.0
670,13.41789,0.0,0.0,0.0,0.0,1.04205629,4.8092407,-13.96172662,2.73948365,101.21729038,-203.21729039,-102.0
671,13.43791,0.0,0.0,0.0,0.0,0.7609454,4.85595912,-14.11348018,1.92591632,101.44973819,-203.44973819,-102.0
672,13.45794,0.0,0.0,0.0,0.0,0.47712525,4.88630321,-14.21809294,1.10261772,101.68496636,-203.68496636,-102.0
673,13.47797,0.0,0.0,0.0,0.0,0.19168851,4.90008583,-14.27479589,0.27270743,101.92208358,-203.92208358,-102.0
674,13.49799,0.0,0.0,0.0,0.0,-0.0942568,4.89720787,-14.28306896,-0.56062122,102.16017748,-204.16017748,-102.0
675,13.51802,0.0,0.0,0.0,0.0,-0.38002259,4.87761788,-14.24255209,-1.39537306,102.398678,-204.398678,-102.0
676,13.53805,0.0,0.0,0.0,0.0,-0.66448619,4.84132166,-14.15302609,-2.22826034,102.6366458,-204.6366458,-102.0
677,13.55807,0.0,0.0,0.0,0.0,-0.9465252,4.78841618,-14.01454034,-3.05596546,102.87313297,-204.87313297,-102.0
678,13.5781,0.0,0.0,0.0,0.0,-1.22544063,4.71897336,-13.8271002,-3.87638731,103.10753921,-205.10753921,-102.0
679,13.59813,0.0,0.0,0.0,0.0,-1.50011448,4.63319914,-13.59108629,-4.6861695,103.33890555,-205.33890555,-102.0
680,13.61815,0.0,0.0,0.0,0.0,-1.76944551,4.53139092,-13.30715956,-5.48197612,103.56627887,-205.56627887,-102.0
681,13.63818,0.0,0.0,0.0,0.0,-2.03274704,4.41374828,-12.97572946,-6.26167258,103.78904928,-205.78904928,-102.0
682,13.65821,0.0,0.0,0.0,0.0,-2.28894278,4.28067797,-12.59780727,-7.02195096,104.00627167,-206.00627167,-102.0
683,13.67823,0.0,0.0,0.0,0.0,-2.53699014,4.13267534,-12.17468578,-7.75957934,104.21702263,-206.21702263,-102.0
684,13.69826,0.0,0.0,0.0,0.0,-2.7762398,3.97006707,-11.70720078,-8.47247692,104.42070765,-206.42070765,-102.0
685,13.71829,0.0,0.0,0.0,0.0,-3.00569536,3.79345394,-11.19699888,-9.15751504,104.61643283,-206.61643283,-102.0
686,13.73831,0.0,0.0,0.0,0.0,-3.22441077,3.60351903,-10.64599687,-9.81169891,104.8033425,-206.8033425,-102.0
687,13.75834,0.0,0.0,0.0,0.0,-3.43179977,3.40071,-10.05545667,-10.43309936,104.98088548,-206.98088548,-102.0
688,13.77837,0.0,0.0,0.0,0.0,-3.6269834,3.18580676,-9.42763317,-11.01890418,105.14825829,-207.14825829,-102.0
689,13.79839,0.0,0.0,0.0,0.0,-3.80914857,2.95966179,-8.76502622,-11.56649209,105.30471197,-207.30471197,-102.0
690,13.81842,0.0,0.0,0.0,0.0,-3.97779704,2.72283155,-8.06929675,-12.07418672,105.44976758,-207.44976758,-102.0
691,13.83845,0.0,0.0,0.0,0.0,-4.13220212,2.47625203,-7.34324581,-12.53962686,105.58275047,-207.58275047,-102.0
692,13.85847,0.0,0.0,0.0,0.0,-4.27171661,2.22091868,-6.58987994,-12.96069416,105.70305541,-207.70305541,-102.0
693,13.8785,0.0,0.0,0.0,0.0,-4.39595272,1.95747866,-5.81120334,-13.33606096,105.81030306,-207.81030306,-102.0
694,13.89853,0.0,0.0,0.0,0.0,-4.5043661,1.6869932,-5.01046576,-13.66393784,105.90398217,-207.90398217,-102.0
695,13.91855,0.0,0.0,0.0,0.0,-4.59650272,1.41056705,-4.19107004,-13.94282102,105.98366308,-207.98366308,-102.0
696,13.93858,0.0,0.0,0.0,0.0,-4.67210349,1.12891459,-3.35528075,-14.1718125,106.04908921,-208.04908921,-102.0
697,13.95861,0.0,0.0,0.0,0.0,-4.73082963,0.84318489,-2.5066675,-14.34979088,106.09994017,-208.09994017,-102.0
698,13.97863,0.0,0.0,0.0,0.0,-4.77244003,0.55455242,-1.64889022,-14.47595014,106.13598567,-208.13598567,-102.0
699,13.99866,0.0,0.0,0.0,0.0,-4.79681691,0.2637711,-0.78436901,-14.5498791,106.15710823,-208.15710823,-102.0
700,14.01869,0.0,0.0,0.0,0.0,-4.80384177,-0.02796435,0.08315925,-14.57118652,106.16319606,-208.16319606,-102.0
701,14.03871,0.0,0.0,0.0,0.0,-4.79349718,-0.31945324,0.94993633,-14.53981031,106.15423143,-208.15423143,-102.0
702,14.05874,0.0,0.0,0.0,0.0,-4.76581247,-0.60993234,1.81350522,-14.455853,106.13024362,-208.13024363,-102.0
703,14.07877,0.0,0.0,0.0,0.0,-4.72089456,-0.898206,2.67012694,-14.31967504,106.09133563,-208.09133564,-102.0
704,14.09879,0.0,0.0,0.0,0.0,-4.65895058,-1.18309236,3.51611168,-14.13196255,106.03770349,-208.03770349,-102.0
705,14.11882,0.0,0.0,0.0,0.0,-4.58015553,-1.46384971,4.34908746,-13.89332505,105.96952135,-207.96952135,-102.0
706,14.13885,0.0,0.0,0.0,0.0,-4.48483689,-1.73932619,5.16547827,-13.6048534,105.88710087,-207.88710088,-102.0
707,14.15887,0.0,0.0,0.0,0.0,-4.37341733,-2.0084028,5.96182439,-13.26794377,105.79084098,-207.79084098,-102.0
708,14.1789,0.0,0.0,0.0,0.0,-4.24620891,-2.27038876,6.73595313,-12.88367316,105.68104938,-207.68104938,-102.0
709,14.19893,0.0,0.0,0.0,0.0,-4.10374518,-2.52421824,7.48460382,-12.45380116,105.5582288,-207.5582288,-102.0
710,14.21895,0.0,0.0,0.0,0.0,-3.94664611,-2.76887563,8.20469108,-11.98035736,105.42295915,-207.42295915,-102.0
711,14.23898,0.0,0.0,0.0,0.0,-3.77534582,-3.00374724,8.89433855,-11.46481864,105.27566237,-207.27566237,-102.0
712,14.25901,0.0,0.0,0.0,0.0,-3.59056099,-3.22789075,9.55072949,-10.90951768,105.11700495,-207.11700495,-102.0
713,14.27903,0.0,0.0,0.0,0.0,-3.3930827,-3.44042887,10.17127,-10.31701026,104.94771712,-206.94771712,-102.0
714,14.29906,0.0,0.0,0.0,0.0,-3.18344701,-3.6408465,10.75445254,-9.68908512,104.76830994,-206.76830994,-102.0
715,14.31909,0.0,0.0,0.0,0.0,-2.96252399,-3.82835572,11.29800164,-9.02852799,104.57957933,-206.57957933,-102.0
716,14.33911,0.0,0.0,0.0,0.0,-2.7312436,-4.00224544,11.79989851,-8.33829323,104.3823694,-206.3823694,-102.0
717,14.35914,0.0,0.0,0.0,0.0,-2.49022022,-4.16211492,12.25904879,-7.62038232,104.177252,-206.177252,-102.0
718,14.37917,0.0,0.0,0.0,0.0,-2.24044272,-4.30735389,12.67378051,-6.87790058,103.96511436,-205.96511436,-102.0
719,14.39919,0.0,0.0,0.0,0.0,-1.98294378,-4.4374373,13.04269799,-6.1140641,103.74687536,-205.74687536,-102.0
720,14.41922,0.0,0.0,0.0,0.0,-1.71839065,-4.55208855,13.3651361,-5.33098629,103.52313885,-205.52313885,-102.0
721,14.43925,0.0,0.0,0.0,0.0,-1.44785375,-4.6508901,13.6400537,-4.53195586,103.29484444,-205.29484444,-102.0
722,14.45927,0.0,0.0,0.0,0.0,-1.17243048,-4.73351458,13.86669213,-3.72031498,103.06294705,-205.06294705,-102.0
723,14.4793,0.0,0.0,0.0,0.0,-0.89281532,-4.79981332,14.04480611,-2.89819466,102.82805553,-204.82805553,-102.0
724,14.49933,0.0,0.0,0.0,0.0,-0.61012233,-4.84956861,14.17398137,-2.06893734,102.59112487,-204.59112487,-102.0
725,14.51935,0.0,0.0,0.0,0.0,-0.32547569,-4.88265448,14.25408038,-1.23588527,102.35310999,-204.35310999,-102.0
726,14.53938,0.0,0.0,0.0,0.0,-0.03957269,-4.89904872,14.28524825,-0.40110521,102.11460141,-204.11460141,-102.0
727,14.55941,0.0,0.0,0.0,0.0,0.24646584,-4.89873312,14.26766772,0.4321229,101.87653624,-203.87653624,-102.0
728,14.57943,0.0,0.0,0.0,0.0,0.53152521,-4.88177969,14.20178319,1.26056726,101.63983785,-203.63983785,-102.0
729,14.59946,0.0,0.0,0.0,0.0,0.81492748,-4.84828677,14.08808657,2.08229105,101.40505963,-203.40505963,-102.0
730,14.61949,0.0,0.0,0.0,0.0,1.09557958,-4.79842882,13.92730889,2.8941756,101.17309261,-203.17309262,-102.0
731,14.63951,0.0,0.0,0.0,0.0,1.37240961,-4.73246633,13.72042063,3.69319139,100.94480239,-202.94480239,-102.0
732,14.65954,0.0,0.0,0.0,0.0,1.64477834,-4.65060888,13.46820923,4.47758002,100.72069136,-202.72069136,-102.0
733,14.67957,0.0,0.0,0.0,0.0,1.91165157,-4.55321137,13.17189291,5.24446381,100.50158171,-202.50158171,-102.0
734,14.69959,0.0,0.0,0.0,0.0,2.17202989,-4.4407084,12.83290254,5.99108784,100.28826056,-202.28826056,-102.0
735,14.71962,0.0,0.0,0.0,0.0,2.42532892,-4.31340898,12.45226762,6.71590436,100.08117013,-202.08117013,-102.0
736,14.73965,0.0,0.0,0.0,0.0,2.6706006,-4.17183209,12.03162611,7.41633776,99.8810463,-201.8810463,-102.0
737,14.75967,0.0,0.0,0.0,0.0,2.90694357,-4.01656821,11.57279925,8.08996181,99.68858229,-201.68858229,-102.0
738,14.7797,0.0,0.0,0.0,0.0,3.13384126,-3.8480125,11.07700725,8.73545765,99.50415491,-201.50415491,-102.0
739,14.79973,0.0,0.0,0.0,0.0,3.35045493,-3.66682849,10.54623879,9.3505962,99.32840104,-201.32840104,-102.0
740,14.81975,0.0,0.0,0.0,0.0,3.55600259,-3.47374153,9.98263538,9.93331813,99.16190907,-201.16190907,-102.0
741,14.83978,0.0,0.0,0.0,0.0,3.75004553,-3.26921895,9.38756167,10.48254084,99.0049883,-201.0049883,-102.0
742,14.85981,0.0,0.0,0.0,0.0,3.93187335,-3.05404699,8.76328976,10.99641252,98.85816782,-200.85816782,-102.0
743,14.87983,0.0,0.0,0.0,0.0,4.10084061,-2.82906306,8.11221399,11.47326597,98.72192398,-200.72192398,-102.0
744,14.89986,0.0,0.0,0.0,0.0,4.25659397,-2.59479241,7.43580387,11.91225495,98.59649856,-200.59649856,-102.0
745,14.91989,0.0,0.0,0.0,0.0,4.39856639,-2.35212067,6.73655112,12.31192484,98.48230716,-200.48230716,-102.0
746,14.93991,0.0,0.0,0.0,0.0,4.52626234,-2.10197323,6.0170398,12.67101619,98.37970964,-200.37970964,-102.0
747,14.95994,0.0,0.0,0.0,0.0,4.63941903,-1.8449192,5.27881147,12.98891498,98.28888142,-200.28888142,-102.0
748,14.97997,0.0,0.0,0.0,0.0,4.73762426,-1.58191933,4.52451802,13.26457609,98.2101211,-200.2101211,-102.0
